level,method,left,right,correlation
national,pearson,conversions,Channel0_impression,0.05140410628445217
national,pearson,conversions,Channel1_impression,0.012075661659162547
national,pearson,conversions,Channel2_impression,-0.1103662632086022
national,pearson,conversions,Channel3_impression,-0.12396393823659897
national,pearson,conversions,Channel4_impression,-0.17878561114555624
national,pearson,conversions,Channel0_spend,0.05140410981174409
national,pearson,conversions,Channel1_spend,0.012075662352579803
national,pearson,conversions,Channel2_spend,-0.11036626288479573
national,pearson,conversions,Channel3_spend,-0.1239639372072555
national,pearson,conversions,Channel4_spend,-0.1787856090190446
national,pearson,conversions,Organic_channel0_impression,0.01653960534428547
national,pearson,conversions,competitor_sales_control,-0.3796177977768672
national,pearson,conversions,sentiment_score_control,-0.05625359661600294
national,pearson,conversions,Promo,0.29933079360684106
national,pearson,Channel0_impression,Channel1_impression,0.32606427159049595
national,pearson,Channel0_impression,Channel2_impression,0.38473347229222693
national,pearson,Channel0_impression,Channel3_impression,0.43669531487830704
national,pearson,Channel0_impression,Channel4_impression,0.2682491292946474
national,pearson,Channel0_impression,Channel0_spend,0.9999999999999989
national,pearson,Channel0_impression,Channel1_spend,0.3260642700653599
national,pearson,Channel0_impression,Channel2_spend,0.3847334717960807
national,pearson,Channel0_impression,Channel3_spend,0.43669531598443184
national,pearson,Channel0_impression,Channel4_spend,0.26824912761934083
national,pearson,Channel0_impression,Organic_channel0_impression,0.46152216374301996
national,pearson,Channel0_impression,competitor_sales_control,0.25392706884704613
national,pearson,Channel0_impression,sentiment_score_control,0.5411580033285252
national,pearson,Channel0_impression,Promo,0.44472008113892764
national,pearson,Channel1_impression,Channel2_impression,0.427645620479365
national,pearson,Channel1_impression,Channel3_impression,0.4508752379824566
national,pearson,Channel1_impression,Channel4_impression,0.37358682581565444
national,pearson,Channel1_impression,Channel0_spend,0.3260642728964232
national,pearson,Channel1_impression,Channel1_spend,0.9999999999999992
national,pearson,Channel1_impression,Channel2_spend,0.4276456215292115
national,pearson,Channel1_impression,Channel3_spend,0.45087524074423635
national,pearson,Channel1_impression,Channel4_spend,0.3735868257294994
national,pearson,Channel1_impression,Organic_channel0_impression,0.5226028076989021
national,pearson,Channel1_impression,competitor_sales_control,0.354012822788444
national,pearson,Channel1_impression,sentiment_score_control,0.49258238592808484
national,pearson,Channel1_impression,Promo,0.28554614454789384
national,pearson,Channel2_impression,Channel3_impression,0.7002853267612429
national,pearson,Channel2_impression,Channel4_impression,0.6424522772905137
national,pearson,Channel2_impression,Channel0_spend,0.3847334727067443
national,pearson,Channel2_impression,Channel1_spend,0.427645619066994
national,pearson,Channel2_impression,Channel2_spend,1.0000000000000004
national,pearson,Channel2_impression,Channel3_spend,0.7002853295085438
national,pearson,Channel2_impression,Channel4_spend,0.6424522753076425
national,pearson,Channel2_impression,Organic_channel0_impression,0.5858173164551899
national,pearson,Channel2_impression,competitor_sales_control,0.6643478940594902
national,pearson,Channel2_impression,sentiment_score_control,0.6303951711353539
national,pearson,Channel2_impression,Promo,0.35062089103964345
national,pearson,Channel3_impression,Channel4_impression,0.6150332750613576
national,pearson,Channel3_impression,Channel0_spend,0.4366953146901447
national,pearson,Channel3_impression,Channel1_spend,0.4508752375621132
national,pearson,Channel3_impression,Channel2_spend,0.700285325315472
national,pearson,Channel3_impression,Channel3_spend,0.9999999999999996
national,pearson,Channel3_impression,Channel4_spend,0.6150332724730043
national,pearson,Channel3_impression,Organic_channel0_impression,0.6470211210325184
national,pearson,Channel3_impression,competitor_sales_control,0.6982301186945744
national,pearson,Channel3_impression,sentiment_score_control,0.6840303956312712
national,pearson,Channel3_impression,Promo,0.38874232874814724
national,pearson,Channel4_impression,Channel0_spend,0.26824913021977914
national,pearson,Channel4_impression,Channel1_spend,0.3735868249408328
national,pearson,Channel4_impression,Channel2_spend,0.6424522770375962
national,pearson,Channel4_impression,Channel3_spend,0.6150332770396706
national,pearson,Channel4_impression,Channel4_spend,0.9999999999999998
national,pearson,Channel4_impression,Organic_channel0_impression,0.48945164423025045
national,pearson,Channel4_impression,competitor_sales_control,0.746472321684086
national,pearson,Channel4_impression,sentiment_score_control,0.4323698903701904
national,pearson,Channel4_impression,Promo,0.26150783785125975
national,pearson,Channel0_spend,Channel1_spend,0.32606427137128735
national,pearson,Channel0_spend,Channel2_spend,0.3847334722105976
national,pearson,Channel0_spend,Channel3_spend,0.4366953157962695
national,pearson,Channel0_spend,Channel4_spend,0.2682491285444728
national,pearson,Channel0_spend,Organic_channel0_impression,0.4615221626856212
national,pearson,Channel0_spend,competitor_sales_control,0.2539270665106068
national,pearson,Channel0_spend,sentiment_score_control,0.5411580025030842
national,pearson,Channel0_spend,Promo,0.4447200815216239
national,pearson,Channel1_spend,Channel2_spend,0.42764562011684065
national,pearson,Channel1_spend,Channel3_spend,0.4508752403238929
national,pearson,Channel1_spend,Channel4_spend,0.37358682485467776
national,pearson,Channel1_spend,Organic_channel0_impression,0.5226028075582186
national,pearson,Channel1_spend,competitor_sales_control,0.354012822894481
national,pearson,Channel1_spend,sentiment_score_control,0.49258238489832057
national,pearson,Channel1_spend,Promo,0.28554614354015756
national,pearson,Channel2_spend,Channel3_spend,0.7002853280627725
national,pearson,Channel2_spend,Channel4_spend,0.6424522750547254
national,pearson,Channel2_spend,Organic_channel0_impression,0.5858173166145083
national,pearson,Channel2_spend,competitor_sales_control,0.6643478932845351
national,pearson,Channel2_spend,sentiment_score_control,0.6303951716399919
national,pearson,Channel2_spend,Promo,0.35062088990612045
national,pearson,Channel3_spend,Channel4_spend,0.6150332744513181
national,pearson,Channel3_spend,Organic_channel0_impression,0.6470211225412186
national,pearson,Channel3_spend,competitor_sales_control,0.6982301189710701
national,pearson,Channel3_spend,sentiment_score_control,0.6840303968402037
national,pearson,Channel3_spend,Promo,0.3887423283200008
national,pearson,Channel4_spend,Organic_channel0_impression,0.4894516415975728
national,pearson,Channel4_spend,competitor_sales_control,0.7464723185591849
national,pearson,Channel4_spend,sentiment_score_control,0.4323698902388572
national,pearson,Channel4_spend,Promo,0.2615078362256909
national,pearson,Organic_channel0_impression,competitor_sales_control,0.5015465482970914
national,pearson,Organic_channel0_impression,sentiment_score_control,0.6217519370734765
national,pearson,Organic_channel0_impression,Promo,0.4465440966767398
national,pearson,competitor_sales_control,sentiment_score_control,0.37360088162652255
national,pearson,competitor_sales_control,Promo,0.16620392756833705
national,pearson,sentiment_score_control,Promo,0.212231520700227
national,spearman,conversions,Channel0_impression,0.06028986423479951
national,spearman,conversions,Channel1_impression,-0.010605174566547075
national,spearman,conversions,Channel2_impression,-0.18680743791133414
national,spearman,conversions,Channel3_impression,-0.14998972673104582
national,spearman,conversions,Channel4_impression,-0.22909073667240917
national,spearman,conversions,Channel0_spend,0.06028986423479951
national,spearman,conversions,Channel1_spend,-0.010605174566547075
national,spearman,conversions,Channel2_spend,-0.18680743791133414
national,spearman,conversions,Channel3_spend,-0.14998972673104582
national,spearman,conversions,Channel4_spend,-0.22909073667240917
national,spearman,conversions,Organic_channel0_impression,-0.03691106510091511
national,spearman,conversions,competitor_sales_control,-0.3906118126787944
national,spearman,conversions,sentiment_score_control,-0.09956536169809234
national,spearman,conversions,Promo,0.2617470879233772
national,spearman,Channel0_impression,Channel1_impression,0.2538825054132225
national,spearman,Channel0_impression,Channel2_impression,0.36053927186781043
national,spearman,Channel0_impression,Channel3_impression,0.40285438826634634
national,spearman,Channel0_impression,Channel4_impression,0.22955540452972137
national,spearman,Channel0_impression,Channel0_spend,1.0
national,spearman,Channel0_impression,Channel1_spend,0.2538825054132225
national,spearman,Channel0_impression,Channel2_spend,0.36053927186781043
national,spearman,Channel0_impression,Channel3_spend,0.40285438826634634
national,spearman,Channel0_impression,Channel4_spend,0.22955540452972137
national,spearman,Channel0_impression,Organic_channel0_impression,0.42757029286719034
national,spearman,Channel0_impression,competitor_sales_control,0.24076433121019108
national,spearman,Channel0_impression,sentiment_score_control,0.5266140886029935
national,spearman,Channel0_impression,Promo,0.42981460700794993
national,spearman,Channel1_impression,Channel2_impression,0.3535233639800292
national,spearman,Channel1_impression,Channel3_impression,0.35701980370153785
national,spearman,Channel1_impression,Channel4_impression,0.3226343822604353
national,spearman,Channel1_impression,Channel0_spend,0.2538825054132225
national,spearman,Channel1_impression,Channel1_spend,1.0
national,spearman,Channel1_impression,Channel2_spend,0.3535233639800292
national,spearman,Channel1_impression,Channel3_spend,0.35701980370153785
national,spearman,Channel1_impression,Channel4_spend,0.3226343822604353
national,spearman,Channel1_impression,Organic_channel0_impression,0.4691754516287083
national,spearman,Channel1_impression,competitor_sales_control,0.3369505776738158
national,spearman,Channel1_impression,sentiment_score_control,0.4404924847086343
national,spearman,Channel1_impression,Promo,0.30881762576851957
national,spearman,Channel2_impression,Channel3_impression,0.7280833880155592
national,spearman,Channel2_impression,Channel4_impression,0.6392663247684619
national,spearman,Channel2_impression,Channel0_spend,0.36053927186781043
national,spearman,Channel2_impression,Channel1_spend,0.3535233639800292
national,spearman,Channel2_impression,Channel2_spend,1.0
national,spearman,Channel2_impression,Channel3_spend,0.7280833880155592
national,spearman,Channel2_impression,Channel4_spend,0.6392663247684619
national,spearman,Channel2_impression,Organic_channel0_impression,0.591688069497933
national,spearman,Channel2_impression,competitor_sales_control,0.7033167116016075
national,spearman,Channel2_impression,sentiment_score_control,0.6572794588520489
national,spearman,Channel2_impression,Promo,0.4055649947574502
national,spearman,Channel3_impression,Channel4_impression,0.559864708950388
national,spearman,Channel3_impression,Channel0_spend,0.40285438826634634
national,spearman,Channel3_impression,Channel1_spend,0.35701980370153785
national,spearman,Channel3_impression,Channel2_spend,0.7280833880155592
national,spearman,Channel3_impression,Channel3_spend,1.0
national,spearman,Channel3_impression,Channel4_spend,0.559864708950388
national,spearman,Channel3_impression,Organic_channel0_impression,0.6045739754389847
national,spearman,Channel3_impression,competitor_sales_control,0.6919884307186547
national,spearman,Channel3_impression,sentiment_score_control,0.6488438621169256
national,spearman,Channel3_impression,Promo,0.40375527492848223
national,spearman,Channel4_impression,Channel0_spend,0.22955540452972137
national,spearman,Channel4_impression,Channel1_spend,0.3226343822604353
national,spearman,Channel4_impression,Channel2_spend,0.6392663247684619
national,spearman,Channel4_impression,Channel3_spend,0.559864708950388
national,spearman,Channel4_impression,Channel4_spend,1.0
national,spearman,Channel4_impression,Organic_channel0_impression,0.45755875519590333
national,spearman,Channel4_impression,competitor_sales_control,0.7170267579143683
national,spearman,Channel4_impression,sentiment_score_control,0.37455706405778316
national,spearman,Channel4_impression,Promo,0.2814907303503975
national,spearman,Channel0_spend,Channel1_spend,0.2538825054132225
national,spearman,Channel0_spend,Channel2_spend,0.36053927186781043
national,spearman,Channel0_spend,Channel3_spend,0.40285438826634634
national,spearman,Channel0_spend,Channel4_spend,0.22955540452972137
national,spearman,Channel0_spend,Organic_channel0_impression,0.42757029286719034
national,spearman,Channel0_spend,competitor_sales_control,0.24076433121019108
national,spearman,Channel0_spend,sentiment_score_control,0.5266140886029935
national,spearman,Channel0_spend,Promo,0.42981460700794993
national,spearman,Channel1_spend,Channel2_spend,0.3535233639800292
national,spearman,Channel1_spend,Channel3_spend,0.35701980370153785
national,spearman,Channel1_spend,Channel4_spend,0.3226343822604353
national,spearman,Channel1_spend,Organic_channel0_impression,0.4691754516287083
national,spearman,Channel1_spend,competitor_sales_control,0.3369505776738158
national,spearman,Channel1_spend,sentiment_score_control,0.4404924847086343
national,spearman,Channel1_spend,Promo,0.30881762576851957
national,spearman,Channel2_spend,Channel3_spend,0.7280833880155592
national,spearman,Channel2_spend,Channel4_spend,0.6392663247684619
national,spearman,Channel2_spend,Organic_channel0_impression,0.591688069497933
national,spearman,Channel2_spend,competitor_sales_control,0.7033167116016075
national,spearman,Channel2_spend,sentiment_score_control,0.6572794588520489
national,spearman,Channel2_spend,Promo,0.4055649947574502
national,spearman,Channel3_spend,Channel4_spend,0.559864708950388
national,spearman,Channel3_spend,Organic_channel0_impression,0.6045739754389847
national,spearman,Channel3_spend,competitor_sales_control,0.6919884307186547
national,spearman,Channel3_spend,sentiment_score_control,0.6488438621169256
national,spearman,Channel3_spend,Promo,0.40375527492848223
national,spearman,Channel4_spend,Organic_channel0_impression,0.45755875519590333
national,spearman,Channel4_spend,competitor_sales_control,0.7170267579143683
national,spearman,Channel4_spend,sentiment_score_control,0.37455706405778316
national,spearman,Channel4_spend,Promo,0.2814907303503975
national,spearman,Organic_channel0_impression,competitor_sales_control,0.5199601713265161
national,spearman,Organic_channel0_impression,sentiment_score_control,0.5745697080811114
national,spearman,Organic_channel0_impression,Promo,0.46660555388724695
national,spearman,competitor_sales_control,sentiment_score_control,0.3832024150084557
national,spearman,competitor_sales_control,Promo,0.21355755401368715
national,spearman,sentiment_score_control,Promo,0.2231796557664649
overall,pearson,conversions,Channel0_impression,0.41382335581845436
overall,pearson,conversions,Channel1_impression,0.29314611829633763
overall,pearson,conversions,Channel2_impression,0.14790040368562984
overall,pearson,conversions,Channel3_impression,0.46885376971221876
overall,pearson,conversions,Channel4_impression,0.34824267888308336
overall,pearson,conversions,Channel0_spend,0.41382335614738913
overall,pearson,conversions,Channel1_spend,0.2931461184017172
overall,pearson,conversions,Channel2_spend,0.14790040361016576
overall,pearson,conversions,Channel3_spend,0.4688537703411907
overall,pearson,conversions,Channel4_spend,0.34824267914102036
overall,pearson,conversions,Organic_channel0_impression,0.2982341228215843
overall,pearson,conversions,competitor_sales_control,-0.11671918667048008
overall,pearson,conversions,sentiment_score_control,-0.009456777923669564
overall,pearson,conversions,Promo,0.08021869898677142
overall,pearson,Channel0_impression,Channel1_impression,0.34247162784821134
overall,pearson,Channel0_impression,Channel2_impression,0.31528643832153846
overall,pearson,Channel0_impression,Channel3_impression,0.5323749433571677
overall,pearson,Channel0_impression,Channel4_impression,0.3700031799379057
overall,pearson,Channel0_impression,Channel0_spend,0.9999999999999964
overall,pearson,Channel0_impression,Channel1_spend,0.34247162685084315
overall,pearson,Channel0_impression,Channel2_spend,0.3152864384681569
overall,pearson,Channel0_impression,Channel3_spend,0.5323749443016754
overall,pearson,Channel0_impression,Channel4_spend,0.3700031798860149
overall,pearson,Channel0_impression,Organic_channel0_impression,0.4477125825501508
overall,pearson,Channel0_impression,competitor_sales_control,0.058444974729747266
overall,pearson,Channel0_impression,sentiment_score_control,0.35360753718832705
overall,pearson,Channel0_impression,Promo,0.2901104820229921
overall,pearson,Channel1_impression,Channel2_impression,0.3036040310069686
overall,pearson,Channel1_impression,Channel3_impression,0.4510457845922244
overall,pearson,Channel1_impression,Channel4_impression,0.3630490758845929
overall,pearson,Channel1_impression,Channel0_spend,0.3424716276610796
overall,pearson,Channel1_impression,Channel1_spend,1.000000000000001
overall,pearson,Channel1_impression,Channel2_spend,0.3036040307305671
overall,pearson,Channel1_impression,Channel3_spend,0.4510457840932214
overall,pearson,Channel1_impression,Channel4_spend,0.36304907613893833
overall,pearson,Channel1_impression,Organic_channel0_impression,0.3791335288505623
overall,pearson,Channel1_impression,competitor_sales_control,0.166893305389679
overall,pearson,Channel1_impression,sentiment_score_control,0.3294558527304237
overall,pearson,Channel1_impression,Promo,0.10016427685984843
overall,pearson,Channel2_impression,Channel3_impression,0.523593227547764
overall,pearson,Channel2_impression,Channel4_impression,0.4795786971863134
overall,pearson,Channel2_impression,Channel0_spend,0.31528643798206063
overall,pearson,Channel2_impression,Channel1_spend,0.3036040298880341
overall,pearson,Channel2_impression,Channel2_spend,0.9999999999999983
overall,pearson,Channel2_impression,Channel3_spend,0.5235932273774011
overall,pearson,Channel2_impression,Channel4_spend,0.47957869633918365
overall,pearson,Channel2_impression,Organic_channel0_impression,0.4425791117918781
overall,pearson,Channel2_impression,competitor_sales_control,0.42667781796428716
overall,pearson,Channel2_impression,sentiment_score_control,0.3955573065479428
overall,pearson,Channel2_impression,Promo,0.1923274792723732
overall,pearson,Channel3_impression,Channel4_impression,0.6300856022545743
overall,pearson,Channel3_impression,Channel0_spend,0.532374943255092
overall,pearson,Channel3_impression,Channel1_spend,0.45104578414496477
overall,pearson,Channel3_impression,Channel2_spend,0.523593227383694
overall,pearson,Channel3_impression,Channel3_spend,1.0000000000000009
overall,pearson,Channel3_impression,Channel4_spend,0.6300856020242411
overall,pearson,Channel3_impression,Organic_channel0_impression,0.5530591015673076
overall,pearson,Channel3_impression,competitor_sales_control,0.3904520551758112
overall,pearson,Channel3_impression,sentiment_score_control,0.40430107050878966
overall,pearson,Channel3_impression,Promo,0.2013415087818924
overall,pearson,Channel4_impression,Channel0_spend,0.37000318061914306
overall,pearson,Channel4_impression,Channel1_spend,0.363049075094285
overall,pearson,Channel4_impression,Channel2_spend,0.4795786971712547
overall,pearson,Channel4_impression,Channel3_spend,0.6300856034718962
overall,pearson,Channel4_impression,Channel4_spend,0.999999999999999
overall,pearson,Channel4_impression,Organic_channel0_impression,0.41955958809315946
overall,pearson,Channel4_impression,competitor_sales_control,0.48158028241374556
overall,pearson,Channel4_impression,sentiment_score_control,0.23690686712277315
overall,pearson,Channel4_impression,Promo,0.16191247921112403
overall,pearson,Channel0_spend,Channel1_spend,0.3424716266637107
overall,pearson,Channel0_spend,Channel2_spend,0.31528643812868024
overall,pearson,Channel0_spend,Channel3_spend,0.5323749441996016
overall,pearson,Channel0_spend,Channel4_spend,0.3700031805672519
overall,pearson,Channel0_spend,Organic_channel0_impression,0.4477125829339259
overall,pearson,Channel0_spend,competitor_sales_control,0.05844497435896034
overall,pearson,Channel0_spend,sentiment_score_control,0.35360753662645866
overall,pearson,Channel0_spend,Promo,0.29011048214640733
overall,pearson,Channel1_spend,Channel2_spend,0.30360402961163496
overall,pearson,Channel1_spend,Channel3_spend,0.45104578364596254
overall,pearson,Channel1_spend,Channel4_spend,0.3630490753486307
overall,pearson,Channel1_spend,Organic_channel0_impression,0.3791335281593006
overall,pearson,Channel1_spend,competitor_sales_control,0.1668933051488633
overall,pearson,Channel1_spend,sentiment_score_control,0.32945585183492926
overall,pearson,Channel1_spend,Promo,0.10016427612071502
overall,pearson,Channel2_spend,Channel3_spend,0.5235932272133309
overall,pearson,Channel2_spend,Channel4_spend,0.47957869632412853
overall,pearson,Channel2_spend,Organic_channel0_impression,0.44257911223897206
overall,pearson,Channel2_spend,competitor_sales_control,0.42667781846688124
overall,pearson,Channel2_spend,sentiment_score_control,0.3955573069349279
overall,pearson,Channel2_spend,Promo,0.19232747961911448
overall,pearson,Channel3_spend,Channel4_spend,0.630085603241562
overall,pearson,Channel3_spend,Organic_channel0_impression,0.5530591016723447
overall,pearson,Channel3_spend,competitor_sales_control,0.3904520546341339
overall,pearson,Channel3_spend,sentiment_score_control,0.40430107025987966
overall,pearson,Channel3_spend,Promo,0.20134150933795372
overall,pearson,Channel4_spend,Organic_channel0_impression,0.4195595874260792
overall,pearson,Channel4_spend,competitor_sales_control,0.48158028157318594
overall,pearson,Channel4_spend,sentiment_score_control,0.2369068670078137
overall,pearson,Channel4_spend,Promo,0.16191247950210344
overall,pearson,Organic_channel0_impression,competitor_sales_control,0.20999756115707066
overall,pearson,Organic_channel0_impression,sentiment_score_control,0.4505342843512625
overall,pearson,Organic_channel0_impression,Promo,0.2578195703129368
overall,pearson,competitor_sales_control,sentiment_score_control,0.11921965332075506
overall,pearson,competitor_sales_control,Promo,0.033810556280977955
overall,pearson,sentiment_score_control,Promo,0.053396823732438044
overall,spearman,conversions,Channel0_impression,0.39116239664834734
overall,spearman,conversions,Channel1_impression,0.2166850824941293
overall,spearman,conversions,Channel2_impression,0.02849015152326006
overall,spearman,conversions,Channel3_impression,0.4957352646615427
overall,spearman,conversions,Channel4_impression,0.32014143454493954
overall,spearman,conversions,Channel0_spend,0.39116239664834734
overall,spearman,conversions,Channel1_spend,0.2166850824941293
overall,spearman,conversions,Channel2_spend,0.02849015152326006
overall,spearman,conversions,Channel3_spend,0.4957352646615427
overall,spearman,conversions,Channel4_spend,0.32014143454493954
overall,spearman,conversions,Organic_channel0_impression,0.19725677742742329
overall,spearman,conversions,competitor_sales_control,-0.1087058784453082
overall,spearman,conversions,sentiment_score_control,-0.011911298422488456
overall,spearman,conversions,Promo,0.07549219046158795
overall,spearman,Channel0_impression,Channel1_impression,0.29450802970669043
overall,spearman,Channel0_impression,Channel2_impression,0.25097947544996013
overall,spearman,Channel0_impression,Channel3_impression,0.49831715952118183
overall,spearman,Channel0_impression,Channel4_impression,0.3417144271704152
overall,spearman,Channel0_impression,Channel0_spend,1.0
overall,spearman,Channel0_impression,Channel1_spend,0.29450802970669043
overall,spearman,Channel0_impression,Channel2_spend,0.25097947544996013
overall,spearman,Channel0_impression,Channel3_spend,0.49831715952118183
overall,spearman,Channel0_impression,Channel4_spend,0.3417144271704152
overall,spearman,Channel0_impression,Organic_channel0_impression,0.38707099085150326
overall,spearman,Channel0_impression,competitor_sales_control,0.07037080690501227
overall,spearman,Channel0_impression,sentiment_score_control,0.3727631776412034
overall,spearman,Channel0_impression,Promo,0.2683556506237232
overall,spearman,Channel1_impression,Channel2_impression,0.27068966618958834
overall,spearman,Channel1_impression,Channel3_impression,0.40292051244172444
overall,spearman,Channel1_impression,Channel4_impression,0.31278183720066755
overall,spearman,Channel1_impression,Channel0_spend,0.29450802970669043
overall,spearman,Channel1_impression,Channel1_spend,1.0
overall,spearman,Channel1_impression,Channel2_spend,0.27068966618958834
overall,spearman,Channel1_impression,Channel3_spend,0.40292051244172444
overall,spearman,Channel1_impression,Channel4_spend,0.31278183720066755
overall,spearman,Channel1_impression,Organic_channel0_impression,0.31938897674610917
overall,spearman,Channel1_impression,competitor_sales_control,0.1937429198262287
overall,spearman,Channel1_impression,sentiment_score_control,0.36357418263477587
overall,spearman,Channel1_impression,Promo,0.11212255269170118
overall,spearman,Channel2_impression,Channel3_impression,0.42307178846191523
overall,spearman,Channel2_impression,Channel4_impression,0.40196335619453466
overall,spearman,Channel2_impression,Channel0_spend,0.25097947544996013
overall,spearman,Channel2_impression,Channel1_spend,0.27068966618958834
overall,spearman,Channel2_impression,Channel2_spend,1.0
overall,spearman,Channel2_impression,Channel3_spend,0.42307178846191523
overall,spearman,Channel2_impression,Channel4_spend,0.40196335619453466
overall,spearman,Channel2_impression,Organic_channel0_impression,0.37568173083421225
overall,spearman,Channel2_impression,competitor_sales_control,0.4963172241432756
overall,spearman,Channel2_impression,sentiment_score_control,0.45531451790622074
overall,spearman,Channel2_impression,Promo,0.20542711275461417
overall,spearman,Channel3_impression,Channel4_impression,0.5993486346672168
overall,spearman,Channel3_impression,Channel0_spend,0.49831715952118183
overall,spearman,Channel3_impression,Channel1_spend,0.40292051244172444
overall,spearman,Channel3_impression,Channel2_spend,0.42307178846191523
overall,spearman,Channel3_impression,Channel3_spend,1.0
overall,spearman,Channel3_impression,Channel4_spend,0.5993486346672168
overall,spearman,Channel3_impression,Organic_channel0_impression,0.4703344506718963
overall,spearman,Channel3_impression,competitor_sales_control,0.3914567774225055
overall,spearman,Channel3_impression,sentiment_score_control,0.4017281852026828
overall,spearman,Channel3_impression,Promo,0.1912506271326384
overall,spearman,Channel4_impression,Channel0_spend,0.3417144271704152
overall,spearman,Channel4_impression,Channel1_spend,0.31278183720066755
overall,spearman,Channel4_impression,Channel2_spend,0.40196335619453466
overall,spearman,Channel4_impression,Channel3_spend,0.5993486346672168
overall,spearman,Channel4_impression,Channel4_spend,1.0
overall,spearman,Channel4_impression,Organic_channel0_impression,0.35399381919947853
overall,spearman,Channel4_impression,competitor_sales_control,0.5081197661658756
overall,spearman,Channel4_impression,sentiment_score_control,0.24419480910329416
overall,spearman,Channel4_impression,Promo,0.1671419788711669
overall,spearman,Channel0_spend,Channel1_spend,0.29450802970669043
overall,spearman,Channel0_spend,Channel2_spend,0.25097947544996013
overall,spearman,Channel0_spend,Channel3_spend,0.49831715952118183
overall,spearman,Channel0_spend,Channel4_spend,0.3417144271704152
overall,spearman,Channel0_spend,Organic_channel0_impression,0.38707099085150326
overall,spearman,Channel0_spend,competitor_sales_control,0.07037080690501227
overall,spearman,Channel0_spend,sentiment_score_control,0.3727631776412034
overall,spearman,Channel0_spend,Promo,0.2683556506237232
overall,spearman,Channel1_spend,Channel2_spend,0.27068966618958834
overall,spearman,Channel1_spend,Channel3_spend,0.40292051244172444
overall,spearman,Channel1_spend,Channel4_spend,0.31278183720066755
overall,spearman,Channel1_spend,Organic_channel0_impression,0.31938897674610917
overall,spearman,Channel1_spend,competitor_sales_control,0.1937429198262287
overall,spearman,Channel1_spend,sentiment_score_control,0.36357418263477587
overall,spearman,Channel1_spend,Promo,0.11212255269170118
overall,spearman,Channel2_spend,Channel3_spend,0.42307178846191523
overall,spearman,Channel2_spend,Channel4_spend,0.40196335619453466
overall,spearman,Channel2_spend,Organic_channel0_impression,0.37568173083421225
overall,spearman,Channel2_spend,competitor_sales_control,0.4963172241432756
overall,spearman,Channel2_spend,sentiment_score_control,0.45531451790622074
overall,spearman,Channel2_spend,Promo,0.20542711275461417
overall,spearman,Channel3_spend,Channel4_spend,0.5993486346672168
overall,spearman,Channel3_spend,Organic_channel0_impression,0.4703344506718963
overall,spearman,Channel3_spend,competitor_sales_control,0.3914567774225055
overall,spearman,Channel3_spend,sentiment_score_control,0.4017281852026828
overall,spearman,Channel3_spend,Promo,0.1912506271326384
overall,spearman,Channel4_spend,Organic_channel0_impression,0.35399381919947853
overall,spearman,Channel4_spend,competitor_sales_control,0.5081197661658756
overall,spearman,Channel4_spend,sentiment_score_control,0.24419480910329416
overall,spearman,Channel4_spend,Promo,0.1671419788711669
overall,spearman,Organic_channel0_impression,competitor_sales_control,0.23062761241720914
overall,spearman,Organic_channel0_impression,sentiment_score_control,0.5040801794154727
overall,spearman,Organic_channel0_impression,Promo,0.2565105284033458
overall,spearman,competitor_sales_control,sentiment_score_control,0.11075885875597684
overall,spearman,competitor_sales_control,Promo,0.04073016594680502
overall,spearman,sentiment_score_control,Promo,0.05759631707518384
within,pearson,conversions,Channel0_impression,0.03184131448840349
within,pearson,conversions,Channel1_impression,-0.0102099658712121
within,pearson,conversions,Channel2_impression,-0.04978137138959364
within,pearson,conversions,Channel3_impression,-0.05181865711925483
within,pearson,conversions,Channel4_impression,-0.07870724104618365
within,pearson,conversions,Channel0_spend,0.03184131501555152
within,pearson,conversions,Channel1_spend,-0.01020996598693475
within,pearson,conversions,Channel2_spend,-0.04978137128054503
within,pearson,conversions,Channel3_spend,-0.05181865619018631
within,pearson,conversions,Channel4_spend,-0.07870724107204498
within,pearson,conversions,Organic_channel0_impression,0.03363764354616594
within,pearson,conversions,competitor_sales_control,-0.20102373976297502
within,pearson,conversions,sentiment_score_control,-0.03170671229613907
within,pearson,conversions,Promo,0.1331512746110085
within,pearson,Channel0_impression,Channel1_impression,0.19341415345353555
within,pearson,Channel0_impression,Channel2_impression,0.2427453930110714
within,pearson,Channel0_impression,Channel3_impression,0.33158030286603685
within,pearson,Channel0_impression,Channel4_impression,0.17121213087313905
within,pearson,Channel0_impression,Channel0_spend,0.9999999999999977
within,pearson,Channel0_impression,Channel1_spend,0.19341415223645503
within,pearson,Channel0_impression,Channel2_spend,0.24274539321148497
within,pearson,Channel0_impression,Channel3_spend,0.33158030405882155
within,pearson,Channel0_impression,Channel4_spend,0.17121213058985785
within,pearson,Channel0_impression,Organic_channel0_impression,0.334815530567312
within,pearson,Channel0_impression,competitor_sales_control,0.067812269394189
within,pearson,Channel0_impression,sentiment_score_control,0.399150702916248
within,pearson,Channel0_impression,Promo,0.32834256607462864
within,pearson,Channel1_impression,Channel2_impression,0.24417899160529366
within,pearson,Channel1_impression,Channel3_impression,0.3012621408547038
within,pearson,Channel1_impression,Channel4_impression,0.22448660254532532
within,pearson,Channel1_impression,Channel0_spend,0.19341415334389392
within,pearson,Channel1_impression,Channel1_spend,1.0000000000000004
within,pearson,Channel1_impression,Channel2_spend,0.24417899134806192
within,pearson,Channel1_impression,Channel3_spend,0.3012621400089997
within,pearson,Channel1_impression,Channel4_spend,0.2244866027685281
within,pearson,Channel1_impression,Organic_channel0_impression,0.2845145556917874
within,pearson,Channel1_impression,competitor_sales_control,0.18153819190396447
within,pearson,Channel1_impression,sentiment_score_control,0.3498003969716661
within,pearson,Channel1_impression,Promo,0.10411021588379576
within,pearson,Channel2_impression,Channel3_impression,0.503549546761211
within,pearson,Channel2_impression,Channel4_impression,0.43598283267801347
within,pearson,Channel2_impression,Channel0_spend,0.24274539261147607
within,pearson,Channel2_impression,Channel1_spend,0.2441789903196512
within,pearson,Channel2_impression,Channel2_spend,0.9999999999999987
within,pearson,Channel2_impression,Channel3_spend,0.5035495466162083
within,pearson,Channel2_impression,Channel4_spend,0.4359828316347033
within,pearson,Channel2_impression,Organic_channel0_impression,0.39977421965920157
within,pearson,Channel2_impression,competitor_sales_control,0.43803778753958006
within,pearson,Channel2_impression,sentiment_score_control,0.40276271141710984
within,pearson,Channel2_impression,Promo,0.19501560720495012
within,pearson,Channel3_impression,Channel4_impression,0.4799587619386871
within,pearson,Channel3_impression,Channel0_spend,0.3315803028900084
within,pearson,Channel3_impression,Channel1_spend,0.3012621402867742
within,pearson,Channel3_impression,Channel2_spend,0.5035495465968153
within,pearson,Channel3_impression,Channel3_spend,0.9999999999999978
within,pearson,Channel3_impression,Channel4_spend,0.4799587613799724
within,pearson,Channel3_impression,Organic_channel0_impression,0.45494270262048936
within,pearson,Channel3_impression,competitor_sales_control,0.49853175035047637
within,pearson,Channel3_impression,sentiment_score_control,0.5060639603289615
within,pearson,Channel3_impression,Promo,0.24809875006252224
within,pearson,Channel4_impression,Channel0_spend,0.17121213187703122
within,pearson,Channel4_impression,Channel1_spend,0.22448660153642386
within,pearson,Channel4_impression,Channel2_spend,0.4359828326543198
within,pearson,Channel4_impression,Channel3_spend,0.47995876354548384
within,pearson,Channel4_impression,Channel4_spend,0.999999999999998
within,pearson,Channel4_impression,Organic_channel0_impression,0.303148875004986
within,pearson,Channel4_impression,competitor_sales_control,0.550355680450055
within,pearson,Channel4_impression,sentiment_score_control,0.2634455817259962
within,pearson,Channel4_impression,Promo,0.17928923032669442
within,pearson,Channel0_spend,Channel1_spend,0.1934141521268134
within,pearson,Channel0_spend,Channel2_spend,0.24274539281189153
within,pearson,Channel0_spend,Channel3_spend,0.33158030408279526
within,pearson,Channel0_spend,Channel4_spend,0.17121213159375065
within,pearson,Channel0_spend,Organic_channel0_impression,0.3348155310870621
within,pearson,Channel0_spend,competitor_sales_control,0.06781226890585024
within,pearson,Channel0_spend,sentiment_score_control,0.3991507022185693
within,pearson,Channel0_spend,Promo,0.32834256620934055
within,pearson,Channel1_spend,Channel2_spend,0.24417899006241883
within,pearson,Channel1_spend,Channel3_spend,0.3012621394410709
within,pearson,Channel1_spend,Channel4_spend,0.22448660175962667
within,pearson,Channel1_spend,Organic_channel0_impression,0.284514554868243
within,pearson,Channel1_spend,competitor_sales_control,0.18153819159784113
within,pearson,Channel1_spend,sentiment_score_control,0.3498003960214293
within,pearson,Channel1_spend,Promo,0.1041102151249054
within,pearson,Channel2_spend,Channel3_spend,0.5035495464518133
within,pearson,Channel2_spend,Channel4_spend,0.43598283161100587
within,pearson,Channel2_spend,Organic_channel0_impression,0.3997742201217415
within,pearson,Channel2_spend,competitor_sales_control,0.43803778798936843
within,pearson,Channel2_spend,sentiment_score_control,0.4027627118106541
within,pearson,Channel2_spend,Promo,0.1950156074927382
within,pearson,Channel3_spend,Channel4_spend,0.4799587629867697
within,pearson,Channel3_spend,Organic_channel0_impression,0.4549427027164544
within,pearson,Channel3_spend,competitor_sales_control,0.4985317499347138
within,pearson,Channel3_spend,sentiment_score_control,0.5060639602183252
within,pearson,Channel3_spend,Promo,0.2480987509503807
within,pearson,Channel4_spend,Organic_channel0_impression,0.3031488741056728
within,pearson,Channel4_spend,competitor_sales_control,0.5503556795512432
within,pearson,Channel4_spend,sentiment_score_control,0.26344558158804293
within,pearson,Channel4_spend,Promo,0.17928923071801683
within,pearson,Organic_channel0_impression,competitor_sales_control,0.2261406148852524
within,pearson,Organic_channel0_impression,sentiment_score_control,0.47693562602141704
within,pearson,Organic_channel0_impression,Promo,0.27247293169085013
within,pearson,competitor_sales_control,sentiment_score_control,0.12010756058943925
within,pearson,competitor_sales_control,Promo,0.03242661081016009
within,pearson,sentiment_score_control,Promo,0.05374450179256262
within,spearman,conversions,Channel0_impression,0.02130484417066111
within,spearman,conversions,Channel1_impression,-0.013480771487404805
within,spearman,conversions,Channel2_impression,-0.05091583440445325
within,spearman,conversions,Channel3_impression,-0.058808373169425575
within,spearman,conversions,Channel4_impression,-0.09564048352216196
within,spearman,conversions,Channel0_spend,0.02130484417066111
within,spearman,conversions,Channel1_spend,-0.013480771487404805
within,spearman,conversions,Channel2_spend,-0.05091583440445325
within,spearman,conversions,Channel3_spend,-0.058808373169425575
within,spearman,conversions,Channel4_spend,-0.09564048352216196
within,spearman,conversions,Organic_channel0_impression,0.01612640779613471
within,spearman,conversions,competitor_sales_control,-0.21188794512945228
within,spearman,conversions,sentiment_score_control,-0.03816154455827565
within,spearman,conversions,Promo,0.12438861491120264
within,spearman,Channel0_impression,Channel1_impression,0.1825010805580527
within,spearman,Channel0_impression,Channel2_impression,0.22331292640971157
within,spearman,Channel0_impression,Channel3_impression,0.3060694587639736
within,spearman,Channel0_impression,Channel4_impression,0.1716218041903903
within,spearman,Channel0_impression,Channel0_spend,1.0
within,spearman,Channel0_impression,Channel1_spend,0.1825010805580527
within,spearman,Channel0_impression,Channel2_spend,0.22331292640971157
within,spearman,Channel0_impression,Channel3_spend,0.3060694587639736
within,spearman,Channel0_impression,Channel4_spend,0.1716218041903903
within,spearman,Channel0_impression,Organic_channel0_impression,0.3139609168824219
within,spearman,Channel0_impression,competitor_sales_control,0.07139020319455337
within,spearman,Channel0_impression,sentiment_score_control,0.40281377366137383
within,spearman,Channel0_impression,Promo,0.29446069889709114
within,spearman,Channel1_impression,Channel2_impression,0.2729829176361704
within,spearman,Channel1_impression,Channel3_impression,0.2917569807982117
within,spearman,Channel1_impression,Channel4_impression,0.22826838445125636
within,spearman,Channel1_impression,Channel0_spend,0.1825010805580527
within,spearman,Channel1_impression,Channel1_spend,1.0
within,spearman,Channel1_impression,Channel2_spend,0.2729829176361704
within,spearman,Channel1_impression,Channel3_spend,0.2917569807982117
within,spearman,Channel1_impression,Channel4_spend,0.22826838445125636
within,spearman,Channel1_impression,Organic_channel0_impression,0.29013651420202174
within,spearman,Channel1_impression,competitor_sales_control,0.19315225725891438
within,spearman,Channel1_impression,sentiment_score_control,0.3545413386691779
within,spearman,Channel1_impression,Promo,0.11074363617165399
within,spearman,Channel2_impression,Channel3_impression,0.44480666900468846
within,spearman,Channel2_impression,Channel4_impression,0.3888545758679618
within,spearman,Channel2_impression,Channel0_spend,0.22331292640971157
within,spearman,Channel2_impression,Channel1_spend,0.2729829176361704
within,spearman,Channel2_impression,Channel2_spend,1.0
within,spearman,Channel2_impression,Channel3_spend,0.44480666900468846
within,spearman,Channel2_impression,Channel4_spend,0.3888545758679618
within,spearman,Channel2_impression,Organic_channel0_impression,0.39058806121723233
within,spearman,Channel2_impression,competitor_sales_control,0.40111900156155816
within,spearman,Channel2_impression,sentiment_score_control,0.3723465217727951
within,spearman,Channel2_impression,Promo,0.19381497051007782
within,spearman,Channel3_impression,Channel4_impression,0.4459528938709334
within,spearman,Channel3_impression,Channel0_spend,0.3060694587639736
within,spearman,Channel3_impression,Channel1_spend,0.2917569807982117
within,spearman,Channel3_impression,Channel2_spend,0.44480666900468846
within,spearman,Channel3_impression,Channel3_spend,1.0
within,spearman,Channel3_impression,Channel4_spend,0.4459528938709334
within,spearman,Channel3_impression,Organic_channel0_impression,0.42437486483013986
within,spearman,Channel3_impression,competitor_sales_control,0.5040947375840453
within,spearman,Channel3_impression,sentiment_score_control,0.5084003448771706
within,spearman,Channel3_impression,Promo,0.23784328959528048
within,spearman,Channel4_impression,Channel0_spend,0.1716218041903903
within,spearman,Channel4_impression,Channel1_spend,0.22826838445125636
within,spearman,Channel4_impression,Channel2_spend,0.3888545758679618
within,spearman,Channel4_impression,Channel3_spend,0.4459528938709334
within,spearman,Channel4_impression,Channel4_spend,1.0
within,spearman,Channel4_impression,Organic_channel0_impression,0.2864876612283629
within,spearman,Channel4_impression,competitor_sales_control,0.5585376479343306
within,spearman,Channel4_impression,sentiment_score_control,0.2641243703003356
within,spearman,Channel4_impression,Promo,0.17434241928775698
within,spearman,Channel0_spend,Channel1_spend,0.1825010805580527
within,spearman,Channel0_spend,Channel2_spend,0.22331292640971157
within,spearman,Channel0_spend,Channel3_spend,0.3060694587639736
within,spearman,Channel0_spend,Channel4_spend,0.1716218041903903
within,spearman,Channel0_spend,Organic_channel0_impression,0.3139609168824219
within,spearman,Channel0_spend,competitor_sales_control,0.07139020319455337
within,spearman,Channel0_spend,sentiment_score_control,0.40281377366137383
within,spearman,Channel0_spend,Promo,0.29446069889709114
within,spearman,Channel1_spend,Channel2_spend,0.2729829176361704
within,spearman,Channel1_spend,Channel3_spend,0.2917569807982117
within,spearman,Channel1_spend,Channel4_spend,0.22826838445125636
within,spearman,Channel1_spend,Organic_channel0_impression,0.29013651420202174
within,spearman,Channel1_spend,competitor_sales_control,0.19315225725891438
within,spearman,Channel1_spend,sentiment_score_control,0.3545413386691779
within,spearman,Channel1_spend,Promo,0.11074363617165399
within,spearman,Channel2_spend,Channel3_spend,0.44480666900468846
within,spearman,Channel2_spend,Channel4_spend,0.3888545758679618
within,spearman,Channel2_spend,Organic_channel0_impression,0.39058806121723233
within,spearman,Channel2_spend,competitor_sales_control,0.40111900156155816
within,spearman,Channel2_spend,sentiment_score_control,0.3723465217727951
within,spearman,Channel2_spend,Promo,0.19381497051007782
within,spearman,Channel3_spend,Channel4_spend,0.4459528938709334
within,spearman,Channel3_spend,Organic_channel0_impression,0.42437486483013986
within,spearman,Channel3_spend,competitor_sales_control,0.5040947375840453
within,spearman,Channel3_spend,sentiment_score_control,0.5084003448771706
within,spearman,Channel3_spend,Promo,0.23784328959528048
within,spearman,Channel4_spend,Organic_channel0_impression,0.2864876612283629
within,spearman,Channel4_spend,competitor_sales_control,0.5585376479343306
within,spearman,Channel4_spend,sentiment_score_control,0.2641243703003356
within,spearman,Channel4_spend,Promo,0.17434241928775698
within,spearman,Organic_channel0_impression,competitor_sales_control,0.22343191787288905
within,spearman,Organic_channel0_impression,sentiment_score_control,0.4870363919340511
within,spearman,Organic_channel0_impression,Promo,0.25100563740597803
within,spearman,competitor_sales_control,sentiment_score_control,0.11220210049812897
within,spearman,competitor_sales_control,Promo,0.04011412309789258
within,spearman,sentiment_score_control,Promo,0.055546630731529885
two_way,pearson,conversions,Channel0_impression,0.030774203239849623
two_way,pearson,conversions,Channel1_impression,-0.012941173459911264
two_way,pearson,conversions,Channel2_impression,-0.045077756891155556
two_way,pearson,conversions,Channel3_impression,-0.04580965596194828
two_way,pearson,conversions,Channel4_impression,-0.0706661757073269
two_way,pearson,conversions,Channel0_spend,0.030774203479463032
two_way,pearson,conversions,Channel1_spend,-0.012941173657440023
two_way,pearson,conversions,Channel2_spend,-0.04507775679827916
two_way,pearson,conversions,Channel3_spend,-0.04580965497339947
two_way,pearson,conversions,Channel4_spend,-0.07066617600143694
two_way,pearson,conversions,Organic_channel0_impression,0.036614662708335535
two_way,pearson,conversions,competitor_sales_control,-0.19302466570357124
two_way,pearson,conversions,sentiment_score_control,-0.02959166215381824
two_way,pearson,conversions,Promo,0.11976664802651565
two_way,pearson,Channel0_impression,Channel1_impression,0.16260764655275672
two_way,pearson,Channel0_impression,Channel2_impression,0.21180599913597178
two_way,pearson,Channel0_impression,Channel3_impression,0.3034826348749574
two_way,pearson,Channel0_impression,Channel4_impression,0.14560190949011512
two_way,pearson,Channel0_impression,Channel0_spend,0.9999999999999954
two_way,pearson,Channel0_impression,Channel1_spend,0.16260764547690992
two_way,pearson,Channel0_impression,Channel2_spend,0.2118059994231149
two_way,pearson,Channel0_impression,Channel3_spend,0.3034826361076857
two_way,pearson,Channel0_impression,Channel4_spend,0.1456019096218678
two_way,pearson,Channel0_impression,Organic_channel0_impression,0.30544388848003795
two_way,pearson,Channel0_impression,competitor_sales_control,0.00659498116564904
two_way,pearson,Channel0_impression,sentiment_score_control,0.36539500250035445
two_way,pearson,Channel0_impression,Promo,0.29720583298534636
two_way,pearson,Channel1_impression,Channel2_impression,0.20230548693913664
two_way,pearson,Channel1_impression,Channel3_impression,0.2559892359889548
two_way,pearson,Channel1_impression,Channel4_impression,0.18255502208454963
two_way,pearson,Channel1_impression,Channel0_spend,0.1626076460512747
two_way,pearson,Channel1_impression,Channel1_spend,1.0000000000000049
two_way,pearson,Channel1_impression,Channel2_spend,0.2023054862906016
two_way,pearson,Channel1_impression,Channel3_spend,0.2559892339699331
two_way,pearson,Channel1_impression,Channel4_spend,0.18255502246778657
two_way,pearson,Channel1_impression,Organic_channel0_impression,0.22644401298147016
two_way,pearson,Channel1_impression,competitor_sales_control,0.12677058277832942
two_way,pearson,Channel1_impression,sentiment_score_control,0.3071185084753318
two_way,pearson,Channel1_impression,Promo,0.06245023261336609
two_way,pearson,Channel2_impression,Channel3_impression,0.4510793208908573
two_way,pearson,Channel2_impression,Channel4_impression,0.3830281663454891
two_way,pearson,Channel2_impression,Channel0_spend,0.21180599850085888
two_way,pearson,Channel2_impression,Channel1_spend,0.20230548577563348
two_way,pearson,Channel2_impression,Channel2_spend,1.0000000000000004
two_way,pearson,Channel2_impression,Channel3_spend,0.4510793198696617
two_way,pearson,Channel2_impression,Channel4_spend,0.38302816561658437
two_way,pearson,Channel2_impression,Organic_channel0_impression,0.3574028475726811
two_way,pearson,Channel2_impression,competitor_sales_control,0.3760260836212013
two_way,pearson,Channel2_impression,sentiment_score_control,0.3421674461801348
two_way,pearson,Channel2_impression,Promo,0.16318537504577474
two_way,pearson,Channel3_impression,Channel4_impression,0.4301926078180042
two_way,pearson,Channel3_impression,Channel0_spend,0.30348263485978894
two_way,pearson,Channel3_impression,Channel1_spend,0.25598923552745523
two_way,pearson,Channel3_impression,Channel2_spend,0.4510793209167999
two_way,pearson,Channel3_impression,Channel3_spend,0.9999999999999982
two_way,pearson,Channel3_impression,Channel4_spend,0.4301926081556184
two_way,pearson,Channel3_impression,Organic_channel0_impression,0.39751477335909463
two_way,pearson,Channel3_impression,competitor_sales_control,0.40783122416990175
two_way,pearson,Channel3_impression,sentiment_score_control,0.43265298132437235
two_way,pearson,Channel3_impression,Promo,0.20717145254557293
two_way,pearson,Channel4_impression,Channel0_spend,0.14560191045595544
two_way,pearson,Channel4_impression,Channel1_spend,0.18255502115457434
two_way,pearson,Channel4_impression,Channel2_spend,0.3830281662311688
two_way,pearson,Channel4_impression,Channel3_spend,0.4301926092782934
two_way,pearson,Channel4_impression,Channel4_spend,0.999999999999995
two_way,pearson,Channel4_impression,Organic_channel0_impression,0.2508670372219058
two_way,pearson,Channel4_impression,competitor_sales_control,0.47808807408915255
two_way,pearson,Channel4_impression,sentiment_score_control,0.20477533610756718
two_way,pearson,Channel4_impression,Promo,0.1574585890121284
two_way,pearson,Channel0_spend,Channel1_spend,0.16260764497542793
two_way,pearson,Channel0_spend,Channel2_spend,0.2118059987880021
two_way,pearson,Channel0_spend,Channel3_spend,0.30348263609251686
two_way,pearson,Channel0_spend,Channel4_spend,0.14560191058770666
two_way,pearson,Channel0_spend,Organic_channel0_impression,0.30544388930413924
two_way,pearson,Channel0_spend,competitor_sales_control,0.006594981256004715
two_way,pearson,Channel0_spend,sentiment_score_control,0.3653950016968595
two_way,pearson,Channel0_spend,Promo,0.29720583292660285
two_way,pearson,Channel1_spend,Channel2_spend,0.20230548512709948
two_way,pearson,Channel1_spend,Channel3_spend,0.2559892335084343
two_way,pearson,Channel1_spend,Channel4_spend,0.18255502153780964
two_way,pearson,Channel1_spend,Organic_channel0_impression,0.22644401213093424
two_way,pearson,Channel1_spend,competitor_sales_control,0.12677058256940205
two_way,pearson,Channel1_spend,sentiment_score_control,0.3071185076230149
two_way,pearson,Channel1_spend,Promo,0.06245023199920269
two_way,pearson,Channel2_spend,Channel3_spend,0.4510793198956025
two_way,pearson,Channel2_spend,Channel4_spend,0.38302816550226343
two_way,pearson,Channel2_spend,Organic_channel0_impression,0.3574028480077266
two_way,pearson,Channel2_spend,competitor_sales_control,0.37602608419306105
two_way,pearson,Channel2_spend,sentiment_score_control,0.3421674463335707
two_way,pearson,Channel2_spend,Promo,0.16318537558297602
two_way,pearson,Channel3_spend,Channel4_spend,0.4301926096159073
two_way,pearson,Channel3_spend,Organic_channel0_impression,0.3975147729945975
two_way,pearson,Channel3_spend,competitor_sales_control,0.4078312234889317
two_way,pearson,Channel3_spend,sentiment_score_control,0.4326529807312679
two_way,pearson,Channel3_spend,Promo,0.20717145382678698
two_way,pearson,Channel4_spend,Organic_channel0_impression,0.25086703690126005
two_way,pearson,Channel4_spend,competitor_sales_control,0.478088074203833
two_way,pearson,Channel4_spend,sentiment_score_control,0.20477533619603433
two_way,pearson,Channel4_spend,Promo,0.15745858999058437
two_way,pearson,Organic_channel0_impression,competitor_sales_control,0.13199033287035603
two_way,pearson,Organic_channel0_impression,sentiment_score_control,0.4369034995980703
two_way,pearson,Organic_channel0_impression,Promo,0.2319732784503315
two_way,pearson,competitor_sales_control,sentiment_score_control,0.003292740065255812
two_way,pearson,competitor_sales_control,Promo,-0.00780246139149158
two_way,pearson,sentiment_score_control,Promo,0.014215341235205752
two_way,spearman,conversions,Channel0_impression,0.030906039805263408
two_way,spearman,conversions,Channel1_impression,-0.01400821187095952
two_way,spearman,conversions,Channel2_impression,-0.03504048381917281
two_way,spearman,conversions,Channel3_impression,-0.042004792670367865
two_way,spearman,conversions,Channel4_impression,-0.07704025143686163
two_way,spearman,conversions,Channel0_spend,0.030906039805263408
two_way,spearman,conversions,Channel1_spend,-0.01400821187095952
two_way,spearman,conversions,Channel2_spend,-0.035040517674685856
two_way,spearman,conversions,Channel3_spend,-0.042004792670367865
two_way,spearman,conversions,Channel4_spend,-0.07704025143686163
two_way,spearman,conversions,Organic_channel0_impression,0.027759817899719694
two_way,spearman,conversions,competitor_sales_control,-0.1983726725657398
two_way,spearman,conversions,sentiment_score_control,-0.039809679891229986
two_way,spearman,conversions,Promo,0.12629368486979148
two_way,spearman,Channel0_impression,Channel1_impression,0.15906559142132873
two_way,spearman,Channel0_impression,Channel2_impression,0.20243622725656266
two_way,spearman,Channel0_impression,Channel3_impression,0.2904752529613028
two_way,spearman,Channel0_impression,Channel4_impression,0.14803271975678908
two_way,spearman,Channel0_impression,Channel0_spend,1.0
two_way,spearman,Channel0_impression,Channel1_spend,0.15906559142132873
two_way,spearman,Channel0_impression,Channel2_spend,0.2024361628759082
two_way,spearman,Channel0_impression,Channel3_spend,0.2904752529613028
two_way,spearman,Channel0_impression,Channel4_spend,0.14803271975678908
two_way,spearman,Channel0_impression,Organic_channel0_impression,0.2930141181199259
two_way,spearman,Channel0_impression,competitor_sales_control,0.012419627541058116
two_way,spearman,Channel0_impression,sentiment_score_control,0.36885247800836807
two_way,spearman,Channel0_impression,Promo,0.26986956977970356
two_way,spearman,Channel1_impression,Channel2_impression,0.22580078307999582
two_way,spearman,Channel1_impression,Channel3_impression,0.257519513959522
two_way,spearman,Channel1_impression,Channel4_impression,0.18587452427111942
two_way,spearman,Channel1_impression,Channel0_spend,0.15906559142132873
two_way,spearman,Channel1_impression,Channel1_spend,1.0
two_way,spearman,Channel1_impression,Channel2_spend,0.22580071032767024
two_way,spearman,Channel1_impression,Channel3_spend,0.257519513959522
two_way,spearman,Channel1_impression,Channel4_spend,0.18587452427111942
two_way,spearman,Channel1_impression,Organic_channel0_impression,0.2474708588813525
two_way,spearman,Channel1_impression,competitor_sales_control,0.13358537226941775
two_way,spearman,Channel1_impression,sentiment_score_control,0.30563122514406865
two_way,spearman,Channel1_impression,Promo,0.07168235440387186
two_way,spearman,Channel2_impression,Channel3_impression,0.4253042647721053
two_way,spearman,Channel2_impression,Channel4_impression,0.3643449108556398
two_way,spearman,Channel2_impression,Channel0_spend,0.20243622725656266
two_way,spearman,Channel2_impression,Channel1_spend,0.22580078307999582
two_way,spearman,Channel2_impression,Channel2_spend,0.9999999999876529
two_way,spearman,Channel2_impression,Channel3_spend,0.4253042647721053
two_way,spearman,Channel2_impression,Channel4_spend,0.3643449108556398
two_way,spearman,Channel2_impression,Organic_channel0_impression,0.34713345276552565
two_way,spearman,Channel2_impression,competitor_sales_control,0.35279492223657705
two_way,spearman,Channel2_impression,sentiment_score_control,0.32085851272353777
two_way,spearman,Channel2_impression,Promo,0.16949319293651663
two_way,spearman,Channel3_impression,Channel4_impression,0.4226405270510269
two_way,spearman,Channel3_impression,Channel0_spend,0.2904752529613028
two_way,spearman,Channel3_impression,Channel1_spend,0.257519513959522
two_way,spearman,Channel3_impression,Channel2_spend,0.4253042176994342
two_way,spearman,Channel3_impression,Channel3_spend,1.0
two_way,spearman,Channel3_impression,Channel4_spend,0.4226405270510269
two_way,spearman,Channel3_impression,Organic_channel0_impression,0.38845599097595185
two_way,spearman,Channel3_impression,competitor_sales_control,0.4072990101615981
two_way,spearman,Channel3_impression,sentiment_score_control,0.4314476569489873
two_way,spearman,Channel3_impression,Promo,0.19560026805769604
two_way,spearman,Channel4_impression,Channel0_spend,0.14803271975678908
two_way,spearman,Channel4_impression,Channel1_spend,0.18587452427111942
two_way,spearman,Channel4_impression,Channel2_spend,0.3643450182221491
two_way,spearman,Channel4_impression,Channel3_spend,0.4226405270510269
two_way,spearman,Channel4_impression,Channel4_spend,1.0
two_way,spearman,Channel4_impression,Organic_channel0_impression,0.24310217158168698
two_way,spearman,Channel4_impression,competitor_sales_control,0.48120569455640666
two_way,spearman,Channel4_impression,sentiment_score_control,0.199436927175552
two_way,spearman,Channel4_impression,Promo,0.1464131845733675
two_way,spearman,Channel0_spend,Channel1_spend,0.15906559142132873
two_way,spearman,Channel0_spend,Channel2_spend,0.2024361628759082
two_way,spearman,Channel0_spend,Channel3_spend,0.2904752529613028
two_way,spearman,Channel0_spend,Channel4_spend,0.14803271975678908
two_way,spearman,Channel0_spend,Organic_channel0_impression,0.2930141181199259
two_way,spearman,Channel0_spend,competitor_sales_control,0.012419627541058116
two_way,spearman,Channel0_spend,sentiment_score_control,0.36885247800836807
two_way,spearman,Channel0_spend,Promo,0.26986956977970356
two_way,spearman,Channel1_spend,Channel2_spend,0.22580071032767024
two_way,spearman,Channel1_spend,Channel3_spend,0.257519513959522
two_way,spearman,Channel1_spend,Channel4_spend,0.18587452427111942
two_way,spearman,Channel1_spend,Organic_channel0_impression,0.2474708588813525
two_way,spearman,Channel1_spend,competitor_sales_control,0.13358537226941775
two_way,spearman,Channel1_spend,sentiment_score_control,0.30563122514406865
two_way,spearman,Channel1_spend,Promo,0.07168235440387186
two_way,spearman,Channel2_spend,Channel3_spend,0.4253042176994342
two_way,spearman,Channel2_spend,Channel4_spend,0.3643450182221491
two_way,spearman,Channel2_spend,Organic_channel0_impression,0.3471333746530293
two_way,spearman,Channel2_spend,competitor_sales_control,0.35279491418186487
two_way,spearman,Channel2_spend,sentiment_score_control,0.3208584922232705
two_way,spearman,Channel2_spend,Promo,0.16949326590621053
two_way,spearman,Channel3_spend,Channel4_spend,0.4226405270510269
two_way,spearman,Channel3_spend,Organic_channel0_impression,0.38845599097595185
two_way,spearman,Channel3_spend,competitor_sales_control,0.4072990101615981
two_way,spearman,Channel3_spend,sentiment_score_control,0.4314476569489873
two_way,spearman,Channel3_spend,Promo,0.19560026805769604
two_way,spearman,Channel4_spend,Organic_channel0_impression,0.24310217158168698
two_way,spearman,Channel4_spend,competitor_sales_control,0.48120569455640666
two_way,spearman,Channel4_spend,sentiment_score_control,0.199436927175552
two_way,spearman,Channel4_spend,Promo,0.1464131845733675
two_way,spearman,Organic_channel0_impression,competitor_sales_control,0.12387951938176774
two_way,spearman,Organic_channel0_impression,sentiment_score_control,0.44281607748256974
two_way,spearman,Organic_channel0_impression,Promo,0.21717799371166235
two_way,spearman,competitor_sales_control,sentiment_score_control,0.0015692879719992692
two_way,spearman,competitor_sales_control,Promo,-2.7998101427718904e-05
two_way,spearman,sentiment_score_control,Promo,0.021429601965876816
