,conversions,Channel0_impression,Channel1_impression,Channel2_impression,Channel3_impression,Channel4_impression,Channel0_spend,Channel1_spend,Channel2_spend,Channel3_spend,Channel4_spend,Organic_channel0_impression,competitor_sales_control,sentiment_score_control,Promo
conversions,1.0,0.41382335581845436,0.29314611829633763,0.14790040368562984,0.46885376971221876,0.34824267888308336,0.41382335614738913,0.2931461184017172,0.14790040361016576,0.4688537703411907,0.34824267914102036,0.2982341228215843,-0.11671918667048008,-0.009456777923669564,0.08021869898677142
Channel0_impression,0.41382335581845436,1.0,0.34247162784821134,0.31528643832153846,0.5323749433571677,0.3700031799379057,0.9999999999999964,0.34247162685084315,0.3152864384681569,0.5323749443016754,0.3700031798860149,0.4477125825501508,0.058444974729747266,0.35360753718832705,0.2901104820229921
Channel1_impression,0.29314611829633763,0.34247162784821134,1.0,0.3036040310069686,0.4510457845922244,0.3630490758845929,0.3424716276610796,1.000000000000001,0.3036040307305671,0.4510457840932214,0.36304907613893833,0.3791335288505623,0.166893305389679,0.3294558527304237,0.10016427685984843
Channel2_impression,0.14790040368562984,0.31528643832153846,0.3036040310069686,1.0,0.523593227547764,0.4795786971863134,0.31528643798206063,0.3036040298880341,0.9999999999999983,0.5235932273774011,0.47957869633918365,0.4425791117918781,0.42667781796428716,0.3955573065479428,0.1923274792723732
Channel3_impression,0.46885376971221876,0.5323749433571677,0.4510457845922244,0.523593227547764,1.0,0.6300856022545743,0.532374943255092,0.45104578414496477,0.523593227383694,1.0000000000000009,0.6300856020242411,0.5530591015673076,0.3904520551758112,0.40430107050878966,0.2013415087818924
Channel4_impression,0.34824267888308336,0.3700031799379057,0.3630490758845929,0.4795786971863134,0.6300856022545743,1.0,0.37000318061914306,0.363049075094285,0.4795786971712547,0.6300856034718962,0.999999999999999,0.41955958809315946,0.48158028241374556,0.23690686712277315,0.16191247921112403
Channel0_spend,0.41382335614738913,0.9999999999999964,0.3424716276610796,0.31528643798206063,0.532374943255092,0.37000318061914306,1.0,0.3424716266637107,0.31528643812868024,0.5323749441996016,0.3700031805672519,0.4477125829339259,0.05844497435896034,0.35360753662645866,0.29011048214640733
Channel1_spend,0.2931461184017172,0.34247162685084315,1.000000000000001,0.3036040298880341,0.45104578414496477,0.363049075094285,0.3424716266637107,1.0,0.30360402961163496,0.45104578364596254,0.3630490753486307,0.3791335281593006,0.1668933051488633,0.32945585183492926,0.10016427612071502
Channel2_spend,0.14790040361016576,0.3152864384681569,0.3036040307305671,0.9999999999999983,0.523593227383694,0.4795786971712547,0.31528643812868024,0.30360402961163496,1.0,0.5235932272133309,0.47957869632412853,0.44257911223897206,0.42667781846688124,0.3955573069349279,0.19232747961911448
Channel3_spend,0.4688537703411907,0.5323749443016754,0.4510457840932214,0.5235932273774011,1.0000000000000009,0.6300856034718962,0.5323749441996016,0.45104578364596254,0.5235932272133309,1.0,0.630085603241562,0.5530591016723447,0.3904520546341339,0.40430107025987966,0.20134150933795372
Channel4_spend,0.34824267914102036,0.3700031798860149,0.36304907613893833,0.47957869633918365,0.6300856020242411,0.999999999999999,0.3700031805672519,0.3630490753486307,0.47957869632412853,0.630085603241562,1.0,0.4195595874260792,0.48158028157318594,0.2369068670078137,0.16191247950210344
Organic_channel0_impression,0.2982341228215843,0.4477125825501508,0.3791335288505623,0.4425791117918781,0.5530591015673076,0.41955958809315946,0.4477125829339259,0.3791335281593006,0.44257911223897206,0.5530591016723447,0.4195595874260792,1.0,0.20999756115707066,0.4505342843512625,0.2578195703129368
competitor_sales_control,-0.11671918667048008,0.058444974729747266,0.166893305389679,0.42667781796428716,0.3904520551758112,0.48158028241374556,0.05844497435896034,0.1668933051488633,0.42667781846688124,0.3904520546341339,0.48158028157318594,0.20999756115707066,1.0,0.11921965332075506,0.033810556280977955
sentiment_score_control,-0.009456777923669564,0.35360753718832705,0.3294558527304237,0.3955573065479428,0.40430107050878966,0.23690686712277315,0.35360753662645866,0.32945585183492926,0.3955573069349279,0.40430107025987966,0.2369068670078137,0.4505342843512625,0.11921965332075506,1.0,0.053396823732438044
Promo,0.08021869898677142,0.2901104820229921,0.10016427685984843,0.1923274792723732,0.2013415087818924,0.16191247921112403,0.29011048214640733,0.10016427612071502,0.19232747961911448,0.20134150933795372,0.16191247950210344,0.2578195703129368,0.033810556280977955,0.053396823732438044,1.0
