level,left,right,custom_raw,official_scaled,delta,reason
overall,Channel0_impression,Channel1_impression,0.3424716278482113,0.20510095743265686,-0.13737067041555442,"Geo: transformação populacional. Nacional: controles/Promo oficiais somados, custom ponderados por população."
overall,Channel0_impression,Channel2_impression,0.3152864383215384,0.25693193366586853,-0.05835450465566988,"Geo: transformação populacional. Nacional: controles/Promo oficiais somados, custom ponderados por população."
overall,Channel0_impression,Channel3_impression,0.5323749433571677,0.3420386745500619,-0.1903362688071058,"Geo: transformação populacional. Nacional: controles/Promo oficiais somados, custom ponderados por população."
overall,Channel0_impression,Channel4_impression,0.3700031799379057,0.18881493886080836,-0.18118824107709736,"Geo: transformação populacional. Nacional: controles/Promo oficiais somados, custom ponderados por população."
overall,Channel0_impression,Organic_channel0_impression,0.4477125825501508,0.34586933997547975,-0.10184324257467103,"Geo: transformação populacional. Nacional: controles/Promo oficiais somados, custom ponderados por população."
overall,Channel0_impression,Promo,0.2901104820229921,0.3675303498000237,0.07741986777703158,"Geo: transformação populacional. Nacional: controles/Promo oficiais somados, custom ponderados por população."
overall,Channel0_impression,competitor_sales_control,0.0584449747297472,0.08082244739462578,0.022377472664878585,"Geo: transformação populacional. Nacional: controles/Promo oficiais somados, custom ponderados por população."
overall,Channel0_impression,sentiment_score_control,0.353607537188327,0.4412128760721511,0.0876053388838241,"Geo: transformação populacional. Nacional: controles/Promo oficiais somados, custom ponderados por população."
overall,Channel1_impression,Channel2_impression,0.3036040310069686,0.26236357716901076,-0.041240453837957824,"Geo: transformação populacional. Nacional: controles/Promo oficiais somados, custom ponderados por população."
overall,Channel1_impression,Channel3_impression,0.4510457845922244,0.3203546492173724,-0.130691135374852,"Geo: transformação populacional. Nacional: controles/Promo oficiais somados, custom ponderados por população."
overall,Channel1_impression,Channel4_impression,0.3630490758845929,0.22311256674254706,-0.13993650914204583,"Geo: transformação populacional. Nacional: controles/Promo oficiais somados, custom ponderados por população."
overall,Channel1_impression,Organic_channel0_impression,0.3791335288505623,0.28380813131869354,-0.09532539753186875,"Geo: transformação populacional. Nacional: controles/Promo oficiais somados, custom ponderados por população."
overall,Channel1_impression,Promo,0.1001642768598484,0.10888284561985534,0.008718568760006942,"Geo: transformação populacional. Nacional: controles/Promo oficiais somados, custom ponderados por população."
overall,Channel1_impression,competitor_sales_control,0.166893305389679,0.19976313050700234,0.03286982511732334,"Geo: transformação populacional. Nacional: controles/Promo oficiais somados, custom ponderados por população."
overall,Channel1_impression,sentiment_score_control,0.3294558527304237,0.392012103198734,0.06255625046831026,"Geo: transformação populacional. Nacional: controles/Promo oficiais somados, custom ponderados por população."
overall,Channel2_impression,Channel3_impression,0.523593227547764,0.5113530240558776,-0.012240203491886481,"Geo: transformação populacional. Nacional: controles/Promo oficiais somados, custom ponderados por população."
overall,Channel2_impression,Channel4_impression,0.4795786971863134,0.43494821112291454,-0.044630486063398866,"Geo: transformação populacional. Nacional: controles/Promo oficiais somados, custom ponderados por população."
overall,Channel2_impression,Organic_channel0_impression,0.4425791117918781,0.39681792562415774,-0.04576118616772035,"Geo: transformação populacional. Nacional: controles/Promo oficiais somados, custom ponderados por população."
overall,Channel2_impression,Promo,0.1923274792723732,0.21117746000206977,0.01884998072969657,"Geo: transformação populacional. Nacional: controles/Promo oficiais somados, custom ponderados por população."
overall,Channel2_impression,competitor_sales_control,0.4266778179642871,0.48335224208469807,0.05667442412041096,"Geo: transformação populacional. Nacional: controles/Promo oficiais somados, custom ponderados por população."
overall,Channel2_impression,sentiment_score_control,0.3955573065479428,0.44063793519057626,0.04508062864263346,"Geo: transformação populacional. Nacional: controles/Promo oficiais somados, custom ponderados por população."
overall,Channel3_impression,Channel4_impression,0.6300856022545743,0.4826205433698339,-0.14746505888474043,"Geo: transformação populacional. Nacional: controles/Promo oficiais somados, custom ponderados por população."
overall,Channel3_impression,Organic_channel0_impression,0.5530591015673076,0.45302558242758345,-0.10003351913972419,"Geo: transformação populacional. Nacional: controles/Promo oficiais somados, custom ponderados por população."
overall,Channel3_impression,Promo,0.2013415087818924,0.27045733824827817,0.06911582946638578,"Geo: transformação populacional. Nacional: controles/Promo oficiais somados, custom ponderados por população."
overall,Channel3_impression,competitor_sales_control,0.3904520551758112,0.5425089323868698,0.1520568772110586,"Geo: transformação populacional. Nacional: controles/Promo oficiais somados, custom ponderados por população."
overall,Channel3_impression,sentiment_score_control,0.4043010705087896,0.5567957391432823,0.15249466863449268,"Geo: transformação populacional. Nacional: controles/Promo oficiais somados, custom ponderados por população."
overall,Channel4_impression,Organic_channel0_impression,0.4195595880931594,0.30830815049460014,-0.11125143759855927,"Geo: transformação populacional. Nacional: controles/Promo oficiais somados, custom ponderados por população."
overall,Channel4_impression,Promo,0.161912479211124,0.19463272329615305,0.03272024408502905,"Geo: transformação populacional. Nacional: controles/Promo oficiais somados, custom ponderados por população."
overall,Channel4_impression,competitor_sales_control,0.4815802824137455,0.5999787806167799,0.11839849820303439,"Geo: transformação populacional. Nacional: controles/Promo oficiais somados, custom ponderados por população."
overall,Channel4_impression,sentiment_score_control,0.2369068671227731,0.2863867413057787,0.04947987418300559,"Geo: transformação populacional. Nacional: controles/Promo oficiais somados, custom ponderados por população."
overall,Organic_channel0_impression,Promo,0.2578195703129368,0.2990368029135039,0.04121723260056709,"Geo: transformação populacional. Nacional: controles/Promo oficiais somados, custom ponderados por população."
overall,Organic_channel0_impression,competitor_sales_control,0.2099975611570706,0.24882937009239975,0.03883180893532914,"Geo: transformação populacional. Nacional: controles/Promo oficiais somados, custom ponderados por população."
overall,Organic_channel0_impression,sentiment_score_control,0.4505342843512625,0.526959974958116,0.07642569060685345,"Geo: transformação populacional. Nacional: controles/Promo oficiais somados, custom ponderados por população."
overall,Promo,competitor_sales_control,0.0338105562809779,0.033810556280978045,1.457167719820518e-16,"Geo: transformação populacional. Nacional: controles/Promo oficiais somados, custom ponderados por população."
overall,Promo,sentiment_score_control,0.053396823732438,0.05339682373243814,1.3877787807814457e-16,"Geo: transformação populacional. Nacional: controles/Promo oficiais somados, custom ponderados por população."
overall,competitor_sales_control,sentiment_score_control,0.119219653320755,0.1192196533207549,-9.71445146547012e-17,"Geo: transformação populacional. Nacional: controles/Promo oficiais somados, custom ponderados por população."
national,Channel0_impression,Channel1_impression,0.3260642715904959,0.326064271590496,1.1102230246251565e-16,"Geo: transformação populacional. Nacional: controles/Promo oficiais somados, custom ponderados por população."
national,Channel0_impression,Channel2_impression,0.3847334722922269,0.384733472292227,1.1102230246251565e-16,"Geo: transformação populacional. Nacional: controles/Promo oficiais somados, custom ponderados por população."
national,Channel0_impression,Channel3_impression,0.436695314878307,0.43669531487830693,-5.551115123125783e-17,"Geo: transformação populacional. Nacional: controles/Promo oficiais somados, custom ponderados por população."
national,Channel0_impression,Channel4_impression,0.2682491292946474,0.2682491292946475,1.1102230246251565e-16,"Geo: transformação populacional. Nacional: controles/Promo oficiais somados, custom ponderados por população."
national,Channel0_impression,Organic_channel0_impression,0.4615221637430199,0.4615221637430198,-1.1102230246251565e-16,"Geo: transformação populacional. Nacional: controles/Promo oficiais somados, custom ponderados por população."
national,Channel0_impression,Promo,0.4447200811389276,0.4613200081275084,0.016599926988580815,"Geo: transformação populacional. Nacional: controles/Promo oficiais somados, custom ponderados por população."
national,Channel0_impression,competitor_sales_control,0.2539270688470461,0.2557289387211322,0.0018018698740861483,"Geo: transformação populacional. Nacional: controles/Promo oficiais somados, custom ponderados por população."
national,Channel0_impression,sentiment_score_control,0.5411580033285252,0.5267922904501571,-0.014365712878368075,"Geo: transformação populacional. Nacional: controles/Promo oficiais somados, custom ponderados por população."
national,Channel1_impression,Channel2_impression,0.427645620479365,0.4276456204793648,-2.220446049250313e-16,"Geo: transformação populacional. Nacional: controles/Promo oficiais somados, custom ponderados por população."
national,Channel1_impression,Channel3_impression,0.4508752379824566,0.450875237982456,-6.106226635438361e-16,"Geo: transformação populacional. Nacional: controles/Promo oficiais somados, custom ponderados por população."
national,Channel1_impression,Channel4_impression,0.3735868258156544,0.3735868258156545,1.1102230246251565e-16,"Geo: transformação populacional. Nacional: controles/Promo oficiais somados, custom ponderados por população."
national,Channel1_impression,Organic_channel0_impression,0.5226028076989021,0.522602807698902,-1.1102230246251565e-16,"Geo: transformação populacional. Nacional: controles/Promo oficiais somados, custom ponderados por população."
national,Channel1_impression,Promo,0.2855461445478938,0.27303958208145573,-0.012506562466438054,"Geo: transformação populacional. Nacional: controles/Promo oficiais somados, custom ponderados por população."
national,Channel1_impression,competitor_sales_control,0.354012822788444,0.34682585413453504,-0.007186968653908943,"Geo: transformação populacional. Nacional: controles/Promo oficiais somados, custom ponderados por população."
national,Channel1_impression,sentiment_score_control,0.4925823859280848,0.49657255821390345,0.003990172285818661,"Geo: transformação populacional. Nacional: controles/Promo oficiais somados, custom ponderados por população."
national,Channel2_impression,Channel3_impression,0.7002853267612429,0.7002853267612432,3.3306690738754696e-16,"Geo: transformação populacional. Nacional: controles/Promo oficiais somados, custom ponderados por população."
national,Channel2_impression,Channel4_impression,0.6424522772905137,0.6424522772905135,-2.220446049250313e-16,"Geo: transformação populacional. Nacional: controles/Promo oficiais somados, custom ponderados por população."
national,Channel2_impression,Organic_channel0_impression,0.5858173164551899,0.5858173164551895,-3.3306690738754696e-16,"Geo: transformação populacional. Nacional: controles/Promo oficiais somados, custom ponderados por população."
national,Channel2_impression,Promo,0.3506208910396434,0.33318733265449824,-0.017433558385145154,"Geo: transformação populacional. Nacional: controles/Promo oficiais somados, custom ponderados por população."
national,Channel2_impression,competitor_sales_control,0.6643478940594902,0.6571426148527089,-0.007205279206781379,"Geo: transformação populacional. Nacional: controles/Promo oficiais somados, custom ponderados por população."
national,Channel2_impression,sentiment_score_control,0.6303951711353539,0.62802240947752,-0.002372761657833955,"Geo: transformação populacional. Nacional: controles/Promo oficiais somados, custom ponderados por população."
national,Channel3_impression,Channel4_impression,0.6150332750613576,0.6150332750613575,-1.1102230246251565e-16,"Geo: transformação populacional. Nacional: controles/Promo oficiais somados, custom ponderados por população."
national,Channel3_impression,Organic_channel0_impression,0.6470211210325184,0.647021121032518,-4.440892098500626e-16,"Geo: transformação populacional. Nacional: controles/Promo oficiais somados, custom ponderados por população."
national,Channel3_impression,Promo,0.3887423287481472,0.3808223854557658,-0.007919943292381382,"Geo: transformação populacional. Nacional: controles/Promo oficiais somados, custom ponderados por população."
national,Channel3_impression,competitor_sales_control,0.6982301186945744,0.6969311881046483,-0.0012989305899261394,"Geo: transformação populacional. Nacional: controles/Promo oficiais somados, custom ponderados por população."
national,Channel3_impression,sentiment_score_control,0.6840303956312712,0.6899877703532105,0.005957374721939246,"Geo: transformação populacional. Nacional: controles/Promo oficiais somados, custom ponderados por população."
national,Channel4_impression,Organic_channel0_impression,0.4894516442302504,0.48945164423025045,5.551115123125783e-17,"Geo: transformação populacional. Nacional: controles/Promo oficiais somados, custom ponderados por população."
national,Channel4_impression,Promo,0.2615078378512597,0.256505086652385,-0.005002751198874722,"Geo: transformação populacional. Nacional: controles/Promo oficiais somados, custom ponderados por população."
national,Channel4_impression,competitor_sales_control,0.746472321684086,0.7352223030222095,-0.01125001866187647,"Geo: transformação populacional. Nacional: controles/Promo oficiais somados, custom ponderados por população."
national,Channel4_impression,sentiment_score_control,0.4323698903701904,0.4287783392045221,-0.0035915511656683385,"Geo: transformação populacional. Nacional: controles/Promo oficiais somados, custom ponderados por população."
national,Organic_channel0_impression,Promo,0.4465440966767398,0.4368393812083551,-0.009704715468384695,"Geo: transformação populacional. Nacional: controles/Promo oficiais somados, custom ponderados por população."
national,Organic_channel0_impression,competitor_sales_control,0.5015465482970914,0.5064097514176559,0.00486320312056443,"Geo: transformação populacional. Nacional: controles/Promo oficiais somados, custom ponderados por população."
national,Organic_channel0_impression,sentiment_score_control,0.6217519370734765,0.6175531928842249,-0.004198744189251591,"Geo: transformação populacional. Nacional: controles/Promo oficiais somados, custom ponderados por população."
national,Promo,competitor_sales_control,0.166203927568337,0.14770457206804347,-0.018499355500293524,"Geo: transformação populacional. Nacional: controles/Promo oficiais somados, custom ponderados por população."
national,Promo,sentiment_score_control,0.212231520700227,0.18320338415208517,-0.02902813654814182,"Geo: transformação populacional. Nacional: controles/Promo oficiais somados, custom ponderados por população."
national,competitor_sales_control,sentiment_score_control,0.3736008816265225,0.3886836402937123,0.015082758667189777,"Geo: transformação populacional. Nacional: controles/Promo oficiais somados, custom ponderados por população."
