metric,value
rows,6240
geos,40
periods,156
expected_rows,6240
unique_geo_time,6240
panel_completeness,1.0
duplicate_keys,0
missing_geo_time,0
missing_cells,0
nonfinite_numeric,0
negative_domain_values,0
nonpositive_population,0
population_varying_geos,0
regular_weekly_grid,True
first_date,2021-01-25
last_date,2024-01-15
paid_channels,5
controls,2
reach_frequency_present,False
Channel0_media_positive_spend_zero,0
Channel0_media_zero_spend_positive,0
Channel1_media_positive_spend_zero,0
Channel1_media_zero_spend_positive,0
Channel2_media_positive_spend_zero,0
Channel2_media_zero_spend_positive,0
Channel3_media_positive_spend_zero,0
Channel3_media_zero_spend_positive,0
Channel4_media_positive_spend_zero,0
Channel4_media_zero_spend_positive,0
