variable,r2_geo,r2_time,r2_geo_time,residual_geo_time_share
conversions,0.6788822241343845,0.014340313110749169,0.6932225372451336,0.30677746275486634
Channel0_impression,0.24837091329557323,0.13633014226055665,0.38470105555612993,0.6152989444438701
Channel1_impression,0.14411098666653938,0.16793125958679114,0.31204224625333055,0.6879577537466696
Channel2_impression,0.05348971794195585,0.16709038259660006,0.22058010053855592,0.7794198994614439
Channel3_impression,0.3898785266961297,0.18109976467911953,0.5709782913752492,0.42902170862475075
Channel4_impression,0.23721322497428501,0.19074678492651534,0.4279600099008003,0.5720399900991995
Channel0_spend,0.2483709129197123,0.13633014275764438,0.3847010556773567,0.6152989443226431
Channel1_spend,0.1441109865499082,0.16793125896037617,0.3120422455102844,0.6879577544897156
Channel2_spend,0.053489717924345294,0.16709038316548505,0.22058010108983034,0.7794198989101697
Channel3_spend,0.3898785275646794,0.1810997644962657,0.5709782920609451,0.42902170793905475
Channel4_spend,0.2372132253967824,0.19074678422689456,0.427960009623677,0.5720399903763229
Organic_channel0_impression,0.13015311082728773,0.17044779902535073,0.3006009098526385,0.6993990901473616
competitor_sales_control,0.005439341097443748,0.3321800688059545,0.3376194099033983,0.6623805900966019
sentiment_score_control,0.004161170891086861,0.2739617560139923,0.2781229269050792,0.7218770730949207
Promo,0.005287196345067434,0.19840831283566993,0.20369550918073737,0.7963044908192625
