geo,kpi_total,mean,std,min,max,population,kpi_share,population_share,kpi_per_1000_per_week
Geo36,3290564866.8,21093364.530769233,5507860.874475772,4166830.8,36644916.0,969886.5,0.04990943767377849,0.044701918583965314,21748.281402792218
Geo39,3222846735.0,20659273.942307692,4438006.964187067,6550282.0,30060602.0,798939.1,0.048882327127331926,0.03682297939165719,25858.383877203774
Geo10,3093954025.5,19833038.625,6371936.506001804,5597731.5,33824700.0,994048.94,0.04692735498370401,0.04581556170165996,19951.77282217111
Geo23,2836449818.0,18182370.628205128,5226278.0466277115,5906972.0,36712692.0,981570.9,0.04302167595435999,0.045240450770465984,18523.74660679644
Geo31,2684669761.0,17209421.544871796,4773290.470321545,5595800.0,31523720.0,873369.7,0.04071956139299873,0.040253474218995944,19704.623992419016
Geo7,2578130193.0,16526475.596153846,4180517.8975242837,5721620.0,28238984.0,733989.56,0.039103629130870655,0.033829465151438365,22515.95458136195
Geo2,2468820185.5,15825770.419871794,4684043.840518544,4341767.0,29242514.0,892369.5,0.037445676400175223,0.0411291720586005,17734.548771413403
Geo25,2437115010.5,15622532.118589744,4305032.818844014,4081507.0,25940226.0,779181.9,0.036964790133028766,0.035912373103347044,20049.916609446063
Geo17,2201842796.0,14114376.897435898,4340580.341198592,3393230.5,25439212.0,777539.94,0.033396313472856216,0.035836695421228436,18152.606922592167
Geo15,2158194090.0,13834577.5,3996594.1167092156,4669969.0,24099808.0,680241.75,0.03273427444313589,0.03135223691216868,20337.736547337765
Geo28,2139088727.5,13712107.227564102,4944612.458306516,2562727.8,25518390.0,679385.8,0.032444495047339934,0.03131278630922499,20183.09365247861
Geo14,2103735456.1,13485483.692948718,4790676.6581799975,2345567.0,25030736.0,765448.1,0.03190827650525771,0.035279384388225775,17617.763624926
Geo35,2058953942.5,13198422.708333334,3947410.138164007,3553083.0,22304190.0,742166.56,0.03122905568681806,0.03420634181511095,17783.639710651114
Geo32,2012340565.3,12899619.008333333,3655813.894538084,2315991.8,21218768.0,714763.8,0.030522050191317783,0.032943352850427,18047.387134509794
Geo9,1893568526.4,12138259.784615384,3492339.0892694467,2930177.8,20113772.0,513695.22,0.028720582688678387,0.02367613313662181,23629.302574813497
Geo34,1827551730.2,11715075.193589743,3162560.2719411817,3077903.2,22080706.0,607054.44,0.027719277043982006,0.027979045128388377,19298.228332848936
Geo11,1779714560.0,11408426.666666666,3443108.27856196,2149347.0,18731188.0,659730.0,0.026993709744374674,0.030406853531211576,17292.56918234227
Geo33,1749191470.7,11212765.837820513,2894822.2675781744,2399053.2,18192558.0,586798.4,0.02653075268846014,0.027045447381730862,19108.378342239026
Geo12,1662435722.4,10656639.246153846,3087475.0041235494,3444528.0,19537316.0,560989.75,0.025214890279453256,0.025855930700075788,18996.13896003242
Geo27,1653813226.3,10601366.83525641,3014264.7961560283,3624111.5,20829806.0,559967.9,0.025084109106883985,0.025808833791824127,18932.097420685026
Geo20,1623562937.2,10407454.725641025,3104046.999130157,2905550.2,18570760.0,561594.6,0.024625289731012374,0.025883808142905963,18531.970794664026
Geo18,1618302482.2,10373733.860256411,3444066.0496288026,2217606.0,21853348.0,602324.5,0.02454550210743225,0.0277610429262884,17222.832310916143
Geo29,1422899272.6,9121149.183333334,2596809.416739131,2192053.8,15219144.0,428704.5,0.02158173609595364,0.01975892401387127,21276.075206426183
Geo21,1410689245.1,9042879.776282052,3373804.776316365,1794075.9,18741024.0,557798.9,0.021396541264313992,0.02570886491772533,16211.720346314867
Geo22,1335521977.1,8561038.31474359,3206313.058376389,1255242.4,16195673.0,411040.88,0.020256446408502046,0.018944810503539803,20827.705299637324
Geo13,1326166436.4,8501066.9,3350761.1406977815,1131578.8,19606476.0,444255.62,0.02011454682761786,0.020475672726354095,19135.53035074717
Geo19,1175070608.1,7532503.898076923,2707723.4711562824,1706860.9,14010223.0,426056.94,0.017822810262448627,0.019636898383484452,17679.570946730553
Geo4,1114962608.9,7147196.210897436,2012673.6785912465,2293909.0,12214039.0,337852.2,0.016911125928237247,0.015571555576671668,21154.80145133711
Geo16,1114908374.7,7146848.555769231,2192377.7060463177,1229879.0,12116830.0,376367.94,0.016910303334386565,0.017346740068548992,18988.99400349889
Geo37,1041246904.6,6674659.644871795,2148969.862794696,1260367.2,12076863.0,327985.06,0.015793047574438557,0.015116780622141847,20350.49902843683
Geo8,956402131.5,6130782.894230769,2186062.104765541,1036246.5,11449517.0,301630.44,0.014506169762758056,0.013902100267738167,20325.478072540587
Geo5,942802357.4,6043604.855128205,1914635.5042520638,1148337.9,10605769.0,337573.44,0.014299896036119293,0.01555870757144171,17903.081637963594
Geo30,874169320.7,5603649.491666667,2207212.0915218666,1076718.0,11946982.0,270937.94,0.013258908726584211,0.012487487695918315,20682.40974913542
Geo26,779462854.22,4996556.757820513,1613815.396901149,927414.06,8595677.0,271370.62,0.011822454294769892,0.012507429850111522,18412.29812505316
Geo38,763778666.3,4896017.091666667,1221915.401679347,2037206.2,8827654.0,243833.56,0.011584565351338026,0.011238251019225879,20079.340561925386
Geo6,648309786.74,4155831.9662820515,1398449.3825143583,947623.44,8519783.0,218910.16,0.009833198312260255,0.010089535372976962,18984.18952451568
Geo3,647776241.0,4152411.8012820515,1273270.7891494308,674099.2,7926169.0,229277.33,0.009825105790479174,0.010567356632769863,18110.869492775633
Geo1,521317969.03,3341781.85275641,1650375.2196919771,484031.22,7177179.0,199816.9,0.007907057826465568,0.009209529976446047,16724.220287455213
Geo24,399500858.2,2560902.937179487,753636.2654777894,825762.5,4370025.5,141613.08,0.006059404384981479,0.006526924926354337,18083.802267272822
Geo0,360881672.1,2313344.051923077,775979.2681253419,643680.5,4339777.0,136670.94,0.005473650285095154,0.006299142459116616,16926.378438043062
