rank,geo,cumulative_kpi_share
1,Geo36,0.04990943767377849
2,Geo39,0.09879176480111042
3,Geo10,0.14571911978481444
4,Geo23,0.18874079573917443
5,Geo31,0.22946035713217316
6,Geo7,0.26856398626304384
7,Geo2,0.30600966266321905
8,Geo25,0.34297445279624783
9,Geo17,0.37637076626910404
10,Geo15,0.4091050407122399
11,Geo28,0.44154953575957984
12,Geo14,0.4734578122648375
13,Geo35,0.5046868679516556
14,Geo32,0.5352089181429734
15,Geo9,0.5639295008316518
16,Geo34,0.5916487778756339
17,Geo11,0.6186424876200085
18,Geo33,0.6451732403084687
19,Geo12,0.6703881305879219
20,Geo27,0.6954722396948059
21,Geo20,0.7200975294258183
22,Geo18,0.7446430315332505
23,Geo29,0.7662247676292041
24,Geo21,0.7876213088935181
25,Geo22,0.8078777553020201
26,Geo13,0.8279923021296379
27,Geo19,0.8458151123920865
28,Geo4,0.8627262383203238
29,Geo16,0.8796365416547104
30,Geo37,0.895429589229149
31,Geo8,0.909935758991907
32,Geo5,0.9242356550280263
33,Geo30,0.9374945637546105
34,Geo26,0.9493170180493804
35,Geo38,0.9609015834007184
36,Geo6,0.9707347817129787
37,Geo3,0.9805598875034578
38,Geo1,0.9884669453299234
39,Geo24,0.9945263497149048
40,Geo0,1.0
