time,observado,tendencia,sazonal,residuo
2021-01-25,386300926.3,413074059.4902059,-26773133.06145453,-0.12875133752822876
2021-02-01,355303931.3,413199334.7826271,-57895403.365796015,-0.11683106422424316
2021-02-08,438308889.8,413324610.07499677,24984279.830206137,-0.10520291328430176
2021-02-15,418612413.7,413449885.3673153,5162528.426555048,-0.09387034177780151
2021-02-22,355785298.0,413575160.6595825,-57789862.57674685,-0.08283567428588867
2021-03-01,440615229.2,413700435.95179796,26914793.32029975,-0.07209771871566772
2021-03-08,453055184.4,413825711.243962,39229473.21769436,-0.06165635585784912
2021-03-15,390595846.66,413950986.5360746,-23355139.824565668,-0.05150890350341797
2021-03-22,379050084.5,414076261.82813734,-35026177.28648495,-0.0416523814201355
2021-03-29,376504791.4,414201537.12014997,-37696745.68806699,-0.03208303451538086
2021-04-05,429622671.4,414326812.41211367,15295859.010682508,-0.022796213626861572
2021-04-12,392479599.0,414452087.70402807,-21972488.69024109,-0.01378697156906128
2021-04-19,446892644.6,414577362.9958957,32315281.60915496,-0.005050599575042725
2021-04-26,446168491.5,414702638.2877168,31465853.208865337,0.0034178495407104492
2021-05-03,415693589.5,414827913.57949203,865675.9088847174,0.011623263359069824
2021-05-10,433289821.6,414953188.87122196,18336632.709208407,0.01956963539123535
2021-05-17,423518207.6,415078464.16290706,8439743.40983128,0.027261674404144287
2021-05-24,435393727.2,415203739.4545487,20189987.710750356,0.03470093011856079
2021-05-31,424116955.2,415329014.74614614,8787940.411963921,0.04188990592956543
2021-06-07,438237120.0,415454290.0377006,22782829.913470216,0.04882919788360596
2021-06-14,386220238.3,415579565.3292109,-29359327.084727686,0.055516839027404785
2021-06-21,417462209.7,415704840.6206766,1757369.0173737286,0.06194967031478882
2021-06-28,376825529.4,415830115.9120971,-39004586.58021867,0.06812155246734619
2021-07-05,451058754.1,415955391.2034703,35103362.822506204,0.0740235447883606
2021-07-12,411343011.9,416080666.49479455,-4737654.674437171,0.07964259386062622
2021-07-19,416730651.5,416205941.7860664,524709.6289723666,0.08496123552322388
2021-07-26,404064690.2,416331217.0772825,-12266526.96723958,0.08995705842971802
2021-08-02,376644411.6,416456492.36843705,-39812080.86303751,0.09460049867630005
2021-08-09,392341101.3,416581767.65952414,-24240666.458378237,0.09885412454605103
2021-08-16,451847851.3,416707042.9505354,35140808.24679402,0.10267055034637451
2021-08-23,383734720.8,416832318.2414612,-33097597.54745168,0.105990469455719
2021-08-30,415555497.1,416957593.53228843,-1402096.5410292477,0.10874086618423462
2021-09-06,442176135.9,417082868.8230012,25093266.96616952,0.11082923412322998
2021-09-13,409377604.6,417208144.1135801,-7830539.625721859,0.11214178800582886
2021-09-20,397537134.8,417333419.40400034,-19796284.71653732,0.1125369668006897
2021-09-27,420019466.7,417458694.69423217,2560771.8939291197,0.111838698387146
2021-10-04,410257013.9,417583969.9842376,-7326956.194066031,0.1098284125328064
2021-10-11,440425301.0,417709245.27396953,22716055.619796675,0.10623377561569214
2021-10-18,412639541.0,417834520.5633687,-5194979.664084018,0.10071533918380737
2021-10-25,397786697.5,417959795.85236275,-20173098.44521079,0.09284806251525879
2021-11-01,365084230.9,418085071.1408585,-53000840.32295836,0.08209985494613647
2021-11-08,401990134.4,418210346.4287408,-16220212.096543837,0.0678030252456665
2021-11-15,443520642.3,418335621.7158639,25185020.53501574,0.04912036657333374
2021-11-22,460242422.1,418460897.0020468,41781525.072947085,0.025006115436553955
2021-11-29,436766445.3,418586172.287063,18180273.01877148,-0.005834460258483887
2021-12-06,380646998.4,418711447.5706406,-38064449.12567205,-0.044968605041503906
2021-12-13,457068160.1,418836722.8524618,38231437.34175426,-0.09421604871749878
2021-12-20,448932602.3,418961998.13218445,29970604.323334593,-0.1555190086364746
2021-12-27,468607095.2,419087273.40950227,49519822.02111875,-0.23062103986740112
2022-01-03,397425449.7,419212548.6842297,-21787098.663684066,-0.32054561376571655
2022-01-10,464210726.8,419337823.95633674,44872903.2690781,-0.4254148006439209
2022-01-17,418249016.4,419463099.23197436,-1214082.3220487377,-0.5099256634712219
2022-01-24,379049975.2,419588374.506128,-48168593.63524481,7630194.329116762
2022-01-31,425372254.7,419713649.7787048,-25479644.54206265,31138249.463357806
2022-02-07,412625599.0,419838925.0496031,10145773.442341976,-17359099.491945088
2022-02-14,416575613.4,419964094.8880892,7417810.683824495,-10806292.171913683
2022-02-21,419568520.56,420088436.1238227,-32194715.337675743,31674799.773853064
2022-02-28,478438477.8,420210129.46048254,37898531.187383235,20329817.15213424
2022-03-07,446205674.2,420325867.21539104,-6684765.001803332,32564571.986412287
2022-03-14,435049695.7,420430994.44370097,-2315463.6561285085,16934164.912427545
2022-03-21,433503433.5,420520965.632144,-18855700.566440985,31838168.434297025
2022-03-28,490098891.9,420594234.9308532,-28935615.243469063,98440272.21261585
2022-04-04,439631463.8,420654574.853786,22884406.98218586,-3907518.0359718204
2022-04-11,413251756.4,420709910.7637359,-16246028.3399642,8787873.976228297
2022-04-18,358719008.52,420768178.2779106,5504396.28968871,-67553566.04759932
2022-04-25,437650207.3,420834100.58738136,12182253.970831953,4633852.741786718
2022-05-02,398075186.4,420908900.03438085,-709523.0467820585,-22124190.5875988
2022-05-09,363012482.6,420991676.5936818,-1149719.3633521434,-56829474.63032967
2022-05-16,462894355.2,421080770.5342433,36752453.67096189,5061130.994794786
2022-05-23,449657129.4,421174528.52988607,15209604.906034047,13272995.964079857
2022-05-30,407432998.6,421271589.433212,13926552.841761695,-27765143.674973667
2022-06-06,418494431.0,421370925.7068915,-3299602.0219362257,423107.3150447607
2022-06-13,417300152.3,421471795.14274764,-20017898.48512235,15846255.642374694
2022-06-20,423331650.2,421573674.7539867,8034912.952152573,-6276937.506139278
2022-06-27,468217296.2,421676202.7370096,-21003831.010149676,67544924.47314006
2022-07-04,442660937.1,421779134.54366803,1909560.8779423079,18972241.67838967
2022-07-11,476180166.2,421882312.15848184,11856884.366409509,42440969.67510867
2022-07-18,422547022.3,421985644.0418089,-312946.79475958104,874325.0529506803
2022-07-25,455353675.0,422089093.4400097,-11462803.055568503,44727384.6155588
2022-08-01,391486853.1,422192673.531341,-30883224.116012927,177403.68467193842
2022-08-08,437656004.0,422296448.72331655,-23038686.226081405,38398241.50276488
2022-08-15,424651482.0,422400542.2335218,33343125.314246375,-31092185.547768176
2022-08-22,439008312.7,422505150.84575635,-41008104.095000945,57511265.94924456
2022-08-29,432010278.3,422610568.3335268,5769564.396215857,3630145.5702573657
2022-09-05,413858411.0,422717219.07753325,-14247788.812051838,5388980.734518588
2022-09-12,384346242.1,422825701.6980966,-3219042.769738032,-35260416.82835853
2022-09-19,340283293.3,422936836.18284804,3795089.323238628,-86448632.20608664
2022-09-26,422356788.44,423051690.91098547,-13095276.033017216,12400373.562031746
2022-10-03,436557390.1,423171528.3992693,-10532456.838376855,23918318.53910762
2022-10-10,395546849.9,423297545.7795284,13629031.007320538,-41379726.88684893
2022-10-17,468980313.04,423430237.8787505,-10281367.795724293,55831442.95697379
2022-10-24,438755615.5,423568344.2041707,8167149.452741744,7020121.843087554
2022-10-31,458512330.7,423707915.7556999,3288409.253031439,31516005.691268682
2022-11-07,413783700.46,423842791.21891904,4862374.955538132,-14921465.714457214
2022-11-14,431444319.04,423967200.8703774,11450001.63575704,-3972883.466134429
2022-11-21,433804494.7,424078719.4916358,25550629.1193032,-15824853.910939038
2022-11-28,410751335.86,424178819.8256787,12432336.631937912,-25859820.597616613
2022-12-05,437721226.2,424271004.5040482,-16908670.400414333,30358892.096366107
2022-12-12,435501155.9,424358715.4802163,29248608.873312805,-18106168.45352918
2022-12-19,402093818.4,424444349.84626895,11835444.354263987,-34185975.80053294
2022-12-26,413991778.8,424529219.7758661,46848397.69346503,-57385838.66933113
2023-01-02,392799163.2,424613890.6344847,-17995467.75848009,-13819259.676004648
2023-01-09,404704849.6,424698538.78241354,18459038.948505282,-38452728.1309188
2023-01-16,447131512.9,424783186.9288749,-3984628.106312816,26332954.077437878
2023-01-23,355303780.5,424867835.0739657,-69564054.20903508,-0.3649306297302246
2023-01-30,431888597.2,424952483.2177562,6936114.281670735,-0.29942697286605835
2023-02-06,420344398.2,425037131.3644581,-4692732.945522186,-0.21893590688705444
2023-02-13,434794872.3,425121779.50890744,9673092.941093948,-0.15000134706497192
2023-02-20,418606859.46,425206427.6511387,-6599568.098604634,-0.0925341248512268
2023-02-27,474173344.8,425291075.79129046,48882269.054466724,-0.045757174491882324
2023-03-06,372776720.7,425375723.9296322,-52599003.22130105,-0.00833117961883545
2023-03-13,444184584.6,425460372.0664476,18724212.51230865,0.021243751049041748
2023-03-20,422859796.4,425545020.2020179,-2685223.8463970264,0.04437911510467529
2023-03-27,405455183.6,425629668.3365792,-20174484.798871126,0.06229192018508911
2023-04-03,456187271.5,425714316.4703233,30472954.953689214,0.07598745822906494
2023-04-10,415279396.7,425798964.6034073,-10519567.989687305,0.0862799882888794
2023-04-17,404577123.8,425883612.73595905,-21306489.02977755,0.09381848573684692
2023-04-24,418866915.7,425968260.8680791,-7101345.267201416,0.09912228584289551
2023-05-01,423768187.1,426052908.9998453,-2284722.002448831,0.10260355472564697
2023-05-08,405501485.8,426137557.1313225,-20636071.435912684,0.10459017753601074
2023-05-15,491287369.3,426222205.2625616,65065163.93209249,0.10534590482711792
2023-05-22,436536075.6,426306853.3936024,10229222.101317737,0.10507988929748535
2023-05-29,445456666.9,426391501.5244793,19065165.271559466,0.10396116971969604
2023-06-05,397094115.8,426476149.65521806,-29382033.95734268,0.10212463140487671
2023-06-12,415884328.0,426560797.78583807,-10676469.885517022,0.09967893362045288
2023-06-19,440957902.9,426645445.91635704,14312456.88693142,0.09671151638031006
2023-06-26,423727018.7,426730094.0467883,-3003075.440080683,0.09329241514205933
2023-07-03,395530501.2,426814742.17714363,-31284241.066621628,0.08947795629501343
2023-07-10,455350813.8,426899390.30743057,28451423.4072562,0.08531326055526733
2023-07-17,425833435.3,426984038.43765724,-1150603.2184915259,0.08083432912826538
2023-07-24,416409607.5,427068686.56782836,-10659079.143897424,0.07606905698776245
2023-07-31,405198967.4,427153334.69794816,-21954367.368988328,0.07104015350341797
2023-08-07,405401276.9,427237982.82802033,-21836705.99378457,0.06576418876647949
2023-08-14,458868073.4,427322630.9580468,31545442.38169873,0.060254454612731934
2023-08-21,378488668.5,427407279.08803016,-48918610.642550215,0.05452007055282593
2023-08-28,440433152.6,427491927.2179712,12941225.333460968,0.04856783151626587
2023-09-04,373987730.8,427576575.3478708,-53588844.59027319,0.04240238666534424
2023-09-11,429053677.6,427661223.47772855,1392454.0862458,0.03602570295333862
2023-09-18,455132335.0,427745871.60754704,27386463.36301456,0.029438376426696777
2023-09-25,399079195.8,427830519.7373236,-28751323.959963545,0.022639989852905273
2023-10-02,414177210.4,427915167.86705875,-13737957.48268768,0.0156288743019104
2023-10-09,432541822.4,427999815.9967526,4542006.394844405,0.00840294361114502
2023-10-16,412716708.2,428084464.1264057,-15367755.927364573,0.000958859920501709
2023-10-23,464676509.6,428169112.25601244,36507397.35069428,-0.006706714630126953
2023-10-30,487831419.2,428253760.38557667,59577658.82902122,-0.014597892761230469
2023-11-06,454283370.5,428338408.5150979,25944962.00762012,-0.02271801233291626
2023-11-13,426138039.35,428423056.6445728,-2285017.2635016576,-0.031071126461029053
2023-11-20,437827437.9,428507704.77400166,9319733.165659314,-0.0396609902381897
2023-11-27,435276753.1,428592352.9033863,6684400.24510434,-0.04849058389663696
2023-12-04,432924109.3,428677001.03271973,4247108.324843401,-0.05756312608718872
2023-12-11,449027429.5,428761649.16200936,20265780.404871356,-0.06688070297241211
2023-12-18,422546581.6,428846297.2912512,-6299715.614806618,-0.07644456624984741
2023-12-25,473107918.7,428930945.42044425,44176973.36581134,-0.08625560998916626
2024-01-01,414811756.6,429015593.54958916,-14203836.853276115,-0.0963129997253418
2024-01-08,421145416.2,429100241.67868316,-7954825.372067532,-0.10661566257476807
2024-01-15,422429715.8,429184889.80773693,-6755173.890576897,-0.11716002225875854
