time,conversions,Channel0_impression,Channel1_impression,Channel2_impression,Channel3_impression,Channel4_impression,Channel0_spend,Channel1_spend,Channel2_spend,Channel3_spend,Channel4_spend,Organic_channel0_impression,competitor_sales_control,sentiment_score_control,Promo,revenue_derived,revenue_per_conversion,population
2021-01-25,386300926.3,44340630,10537596,6501889,66738506,53026011,325137.5683,101595.40427,48315.04518,520082.5242,413173.98404999997,24028870,-0.032438440690156056,-0.34201955046075144,0.27221072714801736,7731974.804212295,0.020015418752083628,21696753.31
2021-02-01,355303931.3,47391940,30857600,7966320,79000018,27592214,347511.96809,297505.26389,59197.12148,615634.5403,214996.0932,29188267,0.3120022539553072,0.8071504288542459,0.15126385595856018,7104532.443828503,0.019995648282962027,21696753.31
2021-02-08,438308889.8,28960185,23144749,4637739,68442555,20057461,212357.01945,223143.885196,34462.6877,533361.9165,156285.964472,12051369,-1.2436970396322125,-0.15200500643232068,0.5963952606095829,8762588.633327933,0.019991811339547083,21696753.31
2021-02-15,418612413.7,38126016,10667077,3029637,70601091,37246623,279567.5229,102843.75882999999,22513.00335,550183.038,290222.39524,9595212,-0.01922470050677999,-0.377523286680677,0.34122415716604176,8363355.573657691,0.019978756720891985,21696753.31
2021-02-22,355785298.0,46890794,17925961,10486840,81842660,56259530,343837.2092,172828.34233,77926.91530000001,637786.8024,438369.28095,9288846,0.3442443932852095,0.03418092376598976,0.36606299020837124,7109799.499027848,0.019983398805388096,21696753.31
2021-03-01,440615229.2,31496378,19099596,3713252,58861970,26886668,230954.22032999998,184143.6276,27592.895,458701.94279999996,209498.54124,13711117,-0.6918905170404224,-0.5548180993863191,0.37143410620005607,8813678.771576451,0.02000311879273657,21696753.31
2021-03-08,453055184.4,25772939,4734654,7271164,68725846,37615253,188985.82603,45647.89567,54031.470174999995,535569.55042,293094.72857000004,13763654,-0.848893680684213,-0.37346970848901134,0.09154353790737493,9050774.005105384,0.019977199945502674,21696753.31
2021-03-15,390595846.66,35435485,17853348,8084840,73628817,40915556,259838.5984,172128.26244,60077.836005000005,573777.6251,318810.39426,17933987,0.45424318262112623,0.1510218803516601,0.012449805281707381,7804656.995766907,0.019981413172988977,21696753.31
2021-03-22,379050084.5,28273144,27489089,6237490,64406105,56582012,207319.13709,265028.67238,46350.31636,501906.50854,440882.0359,31799726,0.5609510779117552,-1.5449445316516999,0.9280338998476032,7584097.365409566,0.020008166929743994,21696753.31
2021-03-29,376504791.4,48102115,18370050,10814751,54768193,31935062,352719.4922,177109.90583,80363.5964,426799.7886,248835.1787,19867542,-0.2756579659804128,0.36421477834172006,0.48797959998717666,7528526.4167950405,0.019995831630192213,21696753.31
2021-04-05,429622671.4,19006405,14689528,16603730,80575635,34549374,139368.706623,141625.14255000002,123381.06204399999,627913.06933,269205.671988,14606900,-0.10327694566211203,0.08932596555830825,0.4989579190027012,8598819.384419834,0.0200148175523398,21696753.31
2021-04-12,392479599.0,11884095,22511541,8715033,64287874,43085333,87142.77803,217038.97897,64760.75242,500985.15380000003,335717.10887,20447459,-0.3431540694579985,0.043267528417579984,0.18384879895500708,7842747.6881876,0.019982561407446812,21696753.31
2021-04-19,446892644.6,20987050,10287056,1303124,39119396,26850814,153892.22461,99179.88988,9683.416000000001,304851.215,209219.16861,5800038,-1.4218295637055292,-0.9911429561095229,0.29096156246740473,8946943.83465567,0.02002034256496615,21696753.31
2021-04-26,446168491.5,32721647,22413235,0,51764884,22663633,239938.7805,216091.19071,0.0,403395.48674,176593.02525,9683250,0.15569538978547998,-1.8596111497336791,0.2527185793727882,8915843.293833043,0.019983130731303655,21696753.31
2021-05-03,415693589.5,41690748,4970780,6224564,72170268,43131568,305706.71055,47924.440783,46254.26432,562411.3856,336077.36277,22021301,-0.06376271728272744,-0.3950131675549489,0.4476292834330929,8315198.490470974,0.02000319153459299,21696753.31
2021-05-10,433289821.6,7851189,26950502,7470685,96670719,37692690,57570.595167,259836.0294,55514.095296,753339.4913,293698.1069,25504001,-0.14350157080184064,-0.03897503467258583,0.7061598902508419,8671654.167027134,0.020013519207549124,21696753.31
2021-05-17,423518207.6,24068825,34650278,9308505,76949051,26845617,176490.02806,334071.351656,69170.79752,599651.677,209178.67565,24452641,-0.5167207864229966,-0.05579364800981209,0.8045111892071733,8485339.128240086,0.020035358518173153,21696753.31
2021-05-24,435393727.2,33899092,7764352,1153694,45123891,12497175,248572.65840000001,74857.91473199999,8573.01304,351643.28635,97376.88287,10618542,-1.0143123588375946,-0.39673146044060137,0.19361640417334328,8709109.844022885,0.020002837202159132,21696753.31
2021-05-31,424116955.2,29650250,20997265,3306149,57501044,36937240,217417.07335,202439.4917,24567.743300000002,448096.4585,287811.71187,7426107,-0.6740585999016253,-0.22741225384842145,0.7118830388902475,8490350.877801903,0.02001889048222117,21696753.31
2021-06-07,438237120.0,30096729,27484493,9678321,95433081,35712590,220690.97830000002,264984.35487,71918.87137,743694.7743,278269.34286000003,32916718,-0.24836646665887585,0.6325749245735177,0.3297545767507576,8771186.214325907,0.020014703944581203,21696753.31
2021-06-14,386220238.3,37867419,17209889,10286473,73956524,60355017,277671.29779,165924.52525,76438.002594,576331.4001,470280.96259999997,24380284,0.7124556524516578,-0.009712781172183278,0.24266068021215695,7735678.999196012,0.020029191202526404,21696753.31
2021-06-21,417462209.7,40406653,23761964,3657618,49686832,36983160,296290.801279,229094.5972,27179.4836,387201.55942,288169.51086,13287450,-0.7089076015635052,-0.40144850002746185,0.5669428921238719,8340458.465692619,0.01997895443442966,21696753.31
2021-06-28,376825529.4,32338516,14640141,12671517,81359187,49766661,237129.383216,141148.991,94161.08475,634019.1625,387777.42218,27412937,0.9915392347005362,-0.45751766666755767,0.5646587214736255,7544106.574880282,0.02002015783509248,21696753.31
2021-07-05,451058754.1,34669776,13442118,6341618,70212703,49332817,254223.86784,129598.5719825,47124.085300000006,547156.3948,384396.9476,34304620,0.1719945049134876,-0.6686487809225445,0.8102309932462288,9015958.399805168,0.01998843458385983,21696753.31
2021-07-12,411343011.9,27798530,10871099,2102220,50181638,26169584,203838.92284,104810.781498,15621.437584000001,391057.50354,203911.08187,5705319,-0.3384359095884367,-0.6636370189369495,0.16148555555178443,8222496.79469208,0.019989392202658884,21696753.31
2021-07-19,416730651.5,12723370,15498750,975809,53019560,29325287,93296.94893,149427.03892,7251.16264,413172.9748,228500.04475,5181078,-0.6116203209655259,-0.4152835853201358,0.1786384619295806,8329903.136828879,0.01998869799196635,21696753.31
2021-07-26,404064690.2,21985143,37955814,16801166,60249472,46538633,161210.96674,365940.78936,124848.19304,469514.53071,362624.9116,31340192,0.3056208095281454,0.29490391740566785,0.07157356291295548,8079993.912298137,0.019996782961408433,21696753.31
2021-08-02,376644411.6,28510761,24566348,23661255,66660925,40250857,209061.51624,236849.84925,175824.99578,519477.95744,313631.11675,21536515,0.56456077093301,-0.3367942822243226,0.28350864706971607,7538189.8825048655,0.020014076010001963,21696753.31
2021-08-09,392341101.3,57390232,14209019,17746943,111369983,37786967,420826.6867,136992.44099,131876.18873999998,867888.5165,294432.70464,14332732,0.3200300705822247,0.6727810415905503,0.5572338710232154,7846369.6795621505,0.019998847058245107,21696753.31
2021-08-16,451847851.3,21088976,14332068,634615,70506685,28061393,154639.62304,138178.7874,4715.77634,549447.3414,218651.893266,13802156,0.0024627309054022447,-0.46553929672770394,0.1337330511886436,9035487.844427813,0.019996748503798435,21696753.31
2021-08-23,383734720.8,30535128,29635247,799872,74486603,42992155,223905.63924,285720.277147,5943.7883999999995,580462.21464,334991.0664,13849286,0.22213912657320597,-0.6930732412721674,0.48047509563460783,7681616.40263036,0.02001803846838756,21696753.31
2021-08-30,415555497.1,48690338,41285997,46085569,136784864,73713329,357032.7691,398047.856,342458.3784,1065942.6207,574367.7418,55613220,1.0128872234486663,1.2046461118658527,1.119535286773263,8313861.874573133,0.02000662229856743,21696753.31
2021-09-06,442176135.9,28134918,24151441,2972417,57577022,28654619,206305.5639,232849.63344,22087.80545,448688.5491,223274.25919,10069902,-0.293738104194603,-1.0171043224941931,0.12119731100282895,8838462.275723359,0.019988555596139667,21696753.31
2021-09-13,409377604.6,34703115,29672930,25427741,102207893,59746839,254468.33343,286083.59077,188951.62054,796489.8094,465542.0871,3792836,0.8749610878382206,0.4704682530774208,0.19275029746297198,8192556.521242004,0.020012224482203644,21696753.31
2021-09-20,397537134.8,26371358,19338861,4256331,84437523,40561324,193373.86573,186450.43865,31628.4738,658008.1452,316050.24976,24621414,-0.1100424466764209,-0.013968029080049875,0.4460278395602748,7952032.459998509,0.020003244386211008,21696753.31
2021-09-27,420019466.7,26781887,21354662,6730542,55410323,58821087,196384.16083,205885.24086,50014.14928,431803.80843,458328.7082,19233870,0.01217685243890585,0.5799120299742476,0.2136015613152134,8410110.133828953,0.020023143688804063,21696753.31
2021-10-04,410257013.9,52698972,22392599,15924551,99857745,51609929,386426.97474,215892.23347,118334.1349,778175.4680999999,402140.0048,32952113,0.8990397784201167,0.49554376037767384,0.1600756218521888,8200733.818773751,0.019989259271439727,21696753.31
2021-10-11,440425301.0,57955175,46075240,19760594,105825313,74806027,424969.2535,444222.0588,146839.4802,824679.7952,582881.9508,34623579,0.4520016534471922,0.6197585849118458,0.8888290329781993,8812108.07697795,0.020008178587764533,21696753.31
2021-10-18,412639541.0,45311017,18481251,25306594,81294133,24309768,332253.14287,178182.01977,188051.38689999998,633512.2053,189419.56283,19706619,0.22946534885977732,-0.2758652261907833,1.3578658013316653,8252866.4863756085,0.02000018337160667,21696753.31
2021-10-25,397786697.5,31121147,22983590,3355692,68711116,56020795,228202.7521,221590.11103,24935.89414,535454.7654,436509.08175,17498595,0.5006621099805996,-0.19833832863971185,0.5306827382718825,7950077.089074334,0.019985779160134772,21696753.31
2021-11-01,365084230.9,51643403,12552392,3144824,77860596,22334352,378686.7777,121020.51831,23368.949529999998,606755.2006,174027.29681,14494791,-0.09089754193307316,0.9364260879693996,0.011983222243482455,7306358.167730209,0.02001280129168737,21696753.31
2021-11-08,401990134.4,38479433,13199947,16849328,95589703,48470939,282159.0277,127263.746,125206.08335,744915.3025,377681.271134,33539051,0.4338030216811804,0.8299020110265078,0.6324760499524494,8040568.5750103695,0.020001905238325096,21696753.31
2021-11-15,443520642.3,39773538,36258985,14609512,107579564,35491479,291648.34007,349581.2748,108562.180775,838350.3814,276546.46399,45416223,0.2870330974482121,0.895058456492912,0.638114223855763,8877027.754979607,0.02001491454590547,21696753.31
2021-11-22,460242422.1,63865539,51606260,39985543,140264489,78211904,468308.3232,497547.8993,297129.54881,1093058.8011,609420.2434,60934429,1.1625510492639248,1.9517616047964976,0.7115031160218598,9212119.532359745,0.020015798392348468,21696753.31
2021-11-29,436766445.3,37239276,12934715,13485574,83084934,40317153,273065.2994,124706.58254999999,100210.28074,647467.629,314147.69263,31175174,0.19099665375829242,0.19494189909848045,0.23514932256028725,8740961.790479656,0.020012896788524557,21696753.31
2021-12-06,380646998.4,36926948,15715966,12540371,56670929,50700701,270775.08648,151521.26817999998,93186.548956,441627.5094,395055.38234999997,13385156,0.6705647817415737,-0.39262793720501094,0.5362652013155446,7622888.166063535,0.020026134970472252,21696753.31
2021-12-13,457068160.1,53125175,43157966,20325418,118572933,56570996,389552.2081,416095.9421,151036.64526,924019.9457,440796.19550000003,53178746,-0.40753150295354995,1.9645190931027152,1.2753917694763812,9139650.99880963,0.01999625394341624,21696753.31
2021-12-20,448932602.3,39780517,20477863,4502265,82534612,26030524,291699.514225,197431.821224,33455.991500000004,643179.0647999999,202827.5423,22853271,-0.45436059555171443,0.39064898614422017,0.38115906346697276,8985540.196325194,0.020015343395177593,21696753.31
2021-12-27,468607095.2,56955508,10364538,6295897,69118729,49180837,417638.9752,99926.9105055,46784.334263,538631.2275,383212.7372,26987745,-0.25218030575988015,-0.2549159591072838,1.1103020431761725,9371054.720039813,0.019997679966924694,21696753.31
2022-01-03,397425449.7,29069412,33633389,13334164,81230587,67782952,213157.95093,324267.29028,99085.1649,633017.005,528158.76779,28909420,1.1488497231669754,-0.10530137118617362,0.39088023150278206,7928518.783805577,0.019949700729509114,21696753.31
2022-01-10,464210726.8,37742531,15599044,3502472,65900135,45895113,276755.5311,150393.99457,26026.6045,513549.245867,357610.663,10126560,-0.8766300432855756,0.030706061197986568,0.4285453307408716,9286169.183526972,0.020004210690133004,21696753.31
2022-01-17,418249016.4,25239585,7997437,8828843,79450790,50057109,185074.8877,77105.1413,65606.46435,619147.3363,390040.56997,11875151,0.37903728858481667,-0.36905405219129733,0.23486741220209686,8361340.539871346,0.019991297557230423,21696753.31
2022-01-24,379049975.2,45396895,25728838,5018136,53511785,12610403,332882.8602,248057.68398,37289.388596,417008.8063,98259.1463,31248641,-0.9885865131703466,0.7570898237358307,0.40255946658792363,7583532.643554408,0.02000668286431907,21696753.31
2022-01-31,425372254.7,23648430,18003679,1775034,53215367,15103737,173407.38946,173577.63683,13190.1436,414698.8612,117686.982167,5201778,0.12529257832423088,-0.4501063933798772,0.04971492779391456,8518636.84771685,0.02002631049296984,21696753.31
2022-02-07,412625599.0,23287900,34216814,2966126,77965813,34514732,170763.722262,329892.222704,22041.05856,607575.1466,268935.74054,23485149,0.5758090931872708,-0.3776654342152056,0.6011246493585807,8257528.2483589435,0.020012156948989834,21696753.31
2022-02-14,416575613.4,41760544,20874141,1333249,69722478,21788484,306218.50713620003,201252.4255,9907.2724,543336.14384,169773.94154,19396632,-0.9281990333767847,0.3745103329094595,0.26125391002841425,8339669.172927654,0.0200195808507874,21696753.31
2022-02-21,419568520.56,17268212,10615219,16567535,85485252,47445628,126623.01747,102343.78375,123112.09953,666172.9419,369692.13792999997,17366744,0.5380098578667755,-0.14573029731559745,0.38627786932677605,8390768.37194159,0.019998565099074626,21696753.31
2022-02-28,478438477.8,42361822,20981785,2297108,61206893,27387866,310627.5113,202290.2471,17069.63631,476975.55017,213403.8277,21820889,-0.7587929923248605,-0.06410433046771268,0.25159511133050333,9576896.11646743,0.02001698559134457,21696753.31
2022-03-07,446205674.2,37684514,11075519,708819,24278955,27394769,276330.10694,106781.64271,5267.180409999999,189202.02677,213457.61849,10664458,-0.6133281099588156,-0.7786580715684723,0.1432443589457694,8916704.41756548,0.019983395400679733,21696753.31
2022-03-14,435049695.7,28666441,19382729,11545528,51621472,43464043,210203.078,186873.3788,85793.94597,402277.89356,338667.98157,30281227,-0.11043850672133082,-0.7744515800873143,0.1499836454639942,8690601.196475422,0.01997611142444806,21696753.31
2022-03-21,433503433.5,20880842,15378375,3841894,59998449,28498575,153113.43336999998,148266.47277999998,28548.824875000002,467558.342,222058.37734,14906870,-0.6031744195051092,-0.2723520627411172,0.07645726682169865,8672874.959860435,0.020006473512418986,21696753.31
2022-03-28,490098891.9,8034289,6075874,168149,34220809,9272952,58913.2175,58578.9086,1249.5024,266677.30375,72254.022826,24485016,-1.4016529777839462,-1.425393263558077,0.5115973869959248,9797003.03754139,0.01998984939460009,21696753.31
2022-04-04,439631463.8,39714334,18060126,2484896,46800215,20889808,291214.21427,174121.856,18465.07423,364706.60834,162771.5375,15293367,-1.3389297549622334,0.259602220419835,0.357180229043639,8793007.695186336,0.02000086076456645,21696753.31
2022-04-11,413251756.4,34489131,13743222,3271436,54283178,30333603,252899.24808,132501.5857,24309.79324,423020.14762,236356.75075,26468471,-0.16192115775649146,-0.37434964323161013,0.38028276593791244,8259384.682487903,0.019986326868731738,21696753.31
2022-04-18,358719008.52,15537457,6543876,2829146,42548425,8554298,113931.87001,63091.024829999995,21023.170000000002,331573.0856,66654.33314,5119269,-0.5886783741210435,-1.360382091997415,0.0913130722383924,7180051.395931735,0.02001580965992054,21696753.31
2022-04-25,437650207.3,18498955,12098306,2517149,53163326,27057130,135647.71496,116642.568396,18704.74427,414293.3194,210826.76577,400256,-0.4253010325944661,-0.933916861105268,0.22290894526295454,8757934.76007152,0.02001126610701715,21696753.31
2022-05-02,398075186.4,28029034,8906543,6575438,66371009,23947028,205529.146498,85870.04366,48861.58287,517218.6844,186593.12494,17874653,-0.3714709525581846,-0.5358082125588683,0.5251909151496439,7965075.619569815,0.020008972906857415,21696753.31
2022-05-09,363012482.6,19962902,17497977,6157061,66723455,43477744,146382.43297,168702.0488,45752.6551,519965.2404,338774.7369,12806314,0.430470992074065,-0.5277476776180342,0.06813297091097179,7271465.318952455,0.02003089609170496,21696753.31
2022-05-16,462894355.2,35961865,9399248,2538434,47904013,15908786,263698.40044,90620.32535,18862.9106,373308.33449,123959.85489999999,12986077,-1.951844745800397,-0.21087570844617254,0.722977491716395,9262225.594770577,0.020009372529005462,21696753.31
2022-05-23,449657129.4,15694210,25392004,8511493,43057851,39705245,115081.29612,244810.19207,63248.2618,335542.9629,309379.76175,11773841,-0.09878708825350574,-0.7261179129521539,0.3287358766280848,9001456.298420915,0.020018488999456116,21696753.31
2022-05-30,407432998.6,17942423,19093210,8476313,82899417,39562831,131566.82113,184082.05723,62986.840820000005,646021.9262,308270.0872,15120370,-0.08765267825174747,0.17081018722633645,0.5444805971078284,8146279.852185179,0.019994158254675,21696753.31
2022-06-06,418494431.0,38309543,16136671,1135750,52173850,37132855,280913.27096,155577.38077,8439.672584,406582.492485,289335.92522,25544316,-0.88894350101877,-0.7166991206969009,0.5327608785168255,8378179.433166646,0.020019811047776274,21696753.31
2022-06-13,417300152.3,57879373,22816439,9945195,62613022,40906951,424413.4213,219978.571,73901.99249,487933.29704,318743.34577,41357576,-0.7528007150013711,0.5563272980639948,0.5533749268455909,8336898.688205728,0.01997818271154685,21696753.31
2022-06-20,423331650.2,34783666,29663216,8468335,59209155,50637183,255058.99287,285989.93496,62927.55735,461407.501,394560.4605,15546334,-0.2854689103850016,-0.05592033731281351,0.6461191669917212,8473574.160472298,0.020016396497802656,21696753.31
2022-06-27,468217296.2,45714452,25844800,721718,46986522,15461809,335211.41823,249175.70028000002,5363.031794,366158.4737,120477.0491,15740043,-1.1821086548132955,-0.5209542771755843,1.0690681598560072,9369648.347943058,0.020011324707536634,21696753.31
2022-07-04,442660937.1,36405662,13838193,12102396,70578206,36530837,266952.640604,133417.22323,89931.989714,550004.70594,284645.0505,16361648,0.3313050071752979,-0.3585839467208752,1.2863490701720446,8860763.171691168,0.02001704335995987,21696753.31
2022-07-11,476180166.2,35670776,18465476,11781495,89419991,65738949,261563.92672,178029.931594,87547.39854,696835.7191,512232.0849,28993792,-0.09769298542549122,0.45888454942541623,0.8567603616520122,9528924.141861813,0.02001117395943698,21696753.31
2022-07-18,422547022.3,32601902,18488857,14974116,56773688,43679399,239060.71904999999,178255.35231000002,111271.52432,442428.2957,340346.015538,16146741,-0.6856240403155472,0.07276662845897612,0.5176675993905006,8437492.367705412,0.019968173771000946,21696753.31
2022-07-25,455353675.0,32303675,11847423,0,33892413,15912282,236873.90705,114223.7484,0.0,264118.1675,123987.09389,13432496,-1.4293007536835856,0.05048082404422297,0.2528900153031416,9107383.089585949,0.020000679888190095,21696753.31
2022-08-01,391486853.1,41881873,20565648,12579846,101259536,37442589,307108.18126,198278.17627,93479.88406,789099.4125,291749.34156000003,37152599,0.27603406521441587,0.7927136902421855,0.44192264245608953,7836184.027330256,0.020016467897399887,21696753.31
2022-08-08,437656004.0,44836881,13934117,6558650,58996907,41197031,328776.4346,134342.04882999999,48736.8332,459753.4836,321003.62187000003,11728677,0.08304388464384624,0.15209859647621218,0.4291888419951448,8749180.285802508,0.01999099796607042,21696753.31
2022-08-15,424651482.0,31352445,11609269,2468974,58605079,22659172,229898.7993,111927.65159,18346.75914,456700.0321,176558.2651,15211029,-0.2657664006825432,-0.5144617908898287,0.38961344954253296,8490602.886856873,0.019994285306313548,21696753.31
2022-08-22,439008312.7,46308063,46200406,11440768,78761142,43255585,339564.2038,445428.8165,85015.48245,613773.0218,337043.69333,22541259,0.2793803025066219,0.30098147024614097,0.6038237802077506,8792921.393865306,0.02002905443814232,21696753.31
2022-08-29,432010278.3,48626546,27200101,21023976,83903842,66613147,356564.9963,262242.47006,156227.575258,653849.2515,519043.751875,32310206,0.5341156873693546,0.6692723536968088,0.8186572416023368,8658180.18750416,0.020041606930221407,21696753.31
2022-09-05,413858411.0,49145820,49233120,7005643,100106263,37813900,360372.6945,474667.9029,52058.40333,780112.1316,294642.56857,24897257,0.18265830752813147,0.40518565054686567,0.7265362642880505,8277020.572075924,0.01999964324048962,21696753.31
2022-09-12,384346242.1,26630793,14180032,22470043,91671969,41078212,195276.231803,136712.97273,166973.1918,714385.0304,320077.79697,24314255,0.5794104161723942,0.6579041940986609,0.4608082936412985,7687977.309633084,0.020002738332050112,21696753.31
2022-09-19,340283293.3,25819679,23786661,24617226,79262688,54870093,189328.55737,229332.70493,182928.74753,617681.4794,427542.913,28236186,1.0166402851965248,0.21272711367081948,0.2432057354235712,6805079.537457668,0.019998276939967738,21696753.31
2022-09-26,422356788.44,46187469,13308995,22192295,113267532,32675486,338679.91882,128315.10250000001,164909.26476,882675.7967000001,254604.4956,27870739,0.781185045394104,0.2730655921154334,1.0483155746899886,8441701.047118843,0.01998713239178366,21696753.31
2022-10-03,436557390.1,38647363,39033480,12164571,95572213,44865036,283390.40946,376330.8232,90394.00552,744779.0113,349584.39523,29506776,0.44101624132769185,0.6800916199224897,0.6881776007029998,8741408.392122306,0.02002350341640066,21696753.31
2022-10-10,395546849.9,36584546,25822879,27302794,102514340,83707898,268264.34685,248964.3552,202884.99804,798877.8975,652244.5402,25495510,2.1308640212408845,0.4277774006357105,0.4335226311537495,7901247.811807426,0.01997550432724967,21696753.31
2022-10-17,468980313.04,31606359,15867512,35582045,101564587,67541769,231760.67951,152982.35662,264407.48728,791476.6313,526279.4932,30042925,1.2085720009948568,0.34109078448313357,0.6207062943748589,9377828.642224928,0.019996209609389467,21696753.31
2022-10-24,438755615.5,28919496,23085719,12216274,79601121,20063214,212058.65629,222574.76585,90778.20922,620318.8334,156330.78901,22396383,-0.22459057945542432,-0.11001100608462955,0.7498316144447441,8776474.010344718,0.020003103550807356,21696753.31
2022-10-31,458512330.7,56088853,40274500,22896327,85339517,31575940,411284.0278,388295.77885,170140.8744548,665037.2516,246036.93039,35976042,0.23171684341528218,0.8178543109735924,0.8559848371232363,9175408.714000069,0.02001125836679722,21696753.31
2022-11-07,413783700.46,34103267,27341868,17489500,117318308,76748448,250069.81286,263609.281455,129963.15109700001,914242.8541,598017.1219,33692309,1.4474045569769531,0.6797989736809791,0.3606054545344659,8275331.820475304,0.019999173025123232,21696753.31
2022-11-14,431444319.04,49525531,21676595,16391312,107591909,57591004,363157.00524,208989.06981,121802.59946,838446.5894,448744.01257,39108444,0.6483357113023197,0.9561287089447655,0.7074068120553036,8618806.612981934,0.019976637152528755,21696753.31
2022-11-21,433804494.7,61548293,26824427,15206764,113643673,52154061,451316.5959,258620.5128,113000.31169,885607.0191,406379.82966,30819856,1.2038652387750797,0.1970614261832844,0.7341958700748016,8665753.223669322,0.01997617205340893,21696753.31
2022-11-28,410751335.86,29941684,26764504,5570341,104589097,65904739,219554.07926,258042.7799,41392.78274,815046.1434,513523.897,19665236,0.874736359494488,0.2960524362034235,0.07852083604515253,8215595.976001937,0.020001385896410404,21696753.31
2022-12-05,437721226.2,43123348,30985062,15666836,95164680,34233401,316211.5699,298734.15901,116419.073806,741603.1705,266743.63453,14430693,0.06329635499519956,0.6558361521875318,0.34731580896611425,8743301.610004848,0.019974589045882663,21696753.31
2022-12-12,435501155.9,24888328,27589882,6749965,57784302,37973371,182499.21829,266000.44149,50158.47965,450303.8477,295885.15089,28250076,-0.01223685265141818,-0.3424533620212405,0.8183151548985119,8712015.123125631,0.020004574052441985,21696753.31
2022-12-19,402093818.4,26631740,22632097,16353667,71031443,22455986,195283.17408,218201.28607,121522.8647,553536.7057,174975.05583,4333814,-0.11116052170824363,-0.01357796623971502,0.26616403958185075,8035441.003749748,0.019983995366365345,21696753.31
2022-12-26,413991778.8,33908928,24253265,14775125,52689037,37038424,248644.78397,233831.3415,109792.83639,410597.26108,288600.12696,18982310,0.17108952804166697,-0.035688927674881514,0.4091080095524738,8277022.049291088,0.019993203906809292,21696753.31
2023-01-02,392799163.2,46965081,26900187,18335772,76652271,49663332,344381.93619,259350.93192,136251.7354,597338.9149,386972.2924,22909271,0.7644526069253784,-0.11405442597054107,0.7669649826710258,7853549.3922741935,0.01999380377568532,21696753.31
2023-01-09,404704849.6,31050488,28628370,15703062,86083810,42264512,227684.6329,276012.7434,116688.26668,670837.4124,329321.340167,33792276,0.2893177295613338,0.5511769781077522,0.5777950922740039,8107143.068350928,0.02003223602673361,21696753.31
2023-01-16,447131512.9,18399126,14076635,1269624,45555093,29194334,134915.697722,135716.09618,9434.480019999999,355003.5726,227479.67369999998,13869979,-0.5963476105968247,-0.2642856329475316,0.13791086074003855,8928438.747636124,0.019968260992673428,21696753.31
2023-01-23,355303780.5,19536574,7628407,10817620,77656655,55866424,143256.28843,73547.23838,80384.9163,605165.9303,435306.23110000003,6830901,0.3562202689001741,-0.4564930042516822,0.42555597281277396,7099433.580728211,0.019981306055166535,21696753.31
2023-01-30,431888597.2,20891495,10261883,1819631,58556976,31405341,153191.54863,98937.18877000001,13521.54039,456325.175,244707.6411,3765339,-0.30862491267868564,-0.2800086129429212,0.04011221675464977,8645040.110016242,0.02001682879812841,21696753.31
2023-02-06,420344398.2,29496626,23933108,8159535,60735079,20965661,216290.590667,230744.64075,60632.8867758,473298.7881,163362.57966000002,34393968,-0.4839258008503375,0.325374179696816,0.31294548896730995,8400981.314374615,0.019985948071032517,21696753.31
2023-02-13,434794872.3,63116149,27481622,3462390,34774505,32472132,462813.2451,264956.6815,25728.75916,270992.1722,253019.98416,10241250,-0.8481843522399768,0.5019755355279524,0.43715203470795533,8695767.86984855,0.01999970198325761,21696753.31
2023-02-20,418606859.46,40428555,24031939,13139544,75931359,34326116,296451.3995,231697.48440000002,97638.9587604,591720.96614,267466.0637,19481314,0.3400828892884811,-0.1717519534655033,0.4875441323390159,8376672.586323715,0.02001083450263946,21696753.31
2023-02-27,474173344.8,28899707,14656168,4113487,44913666,28897420,211913.55142,141303.51012,30567.01083,350005.0372,225166.1433,12629449,-1.3325753077692162,-0.3487967584556471,0.6087936961782635,9485744.857857326,0.020004804069824477,21696753.31
2023-03-06,372776720.7,34286684,2729719,357769,44112835,30628198,251414.76325,26317.85297,2658.55454,343764.2873,238652.214525,7656700,-0.1730121532854197,-0.953243701285764,0.07026780101317698,7459613.213111899,0.020010941667988922,21696753.31
2023-03-13,444184584.6,33132863,16124122,1508145,53530503,17749608,242954.11161999998,155456.39296,11206.912,417154.6714,138303.37626957,5536642,-0.8283877533326335,-0.7748732100144209,0.23613770502993714,8871886.292727284,0.019973422312070225,21696753.31
2023-03-20,422859796.4,23101258,5793822,41056,17967345,6971125,169395.1275,55859.57967,305.08405,140016.6534,54318.39016,8719764,-1.649366401486733,-1.4274930193214581,0.13131640431549152,8457473.044377774,0.02000065533867285,21696753.31
2023-03-27,405455183.6,17796528,12927919,3113695,75408132,35605901,130497.014,124641.062167,23137.631875,587643.5457,277438.03645,6676915,-0.6776510119609683,-0.18169777907633886,0.3153306136806901,8114436.769281252,0.0200131533582427,21696753.31
2023-04-03,456187271.5,50077640,28080137,882925,68871533,27470520,367205.4731,270727.10192,6560.9490399999995,536704.86951,214047.86804,8171651,-1.2269761957128058,-0.02930655959747917,0.5267229725831273,9120623.231283,0.019993155883752008,21696753.31
2023-04-10,415279396.7,43705589,23033373,3941281,64237866,23197657,320480.9815,222070.08233,29287.3616,500595.44174,180754.09268,23698266,-0.6135323897208248,-0.096800954443644,0.7946867561536352,8305521.4091474125,0.01999983980699954,21696753.31
2023-04-17,404577123.8,32482779,12473553,2033139,71118849,33228300,238187.2262,120260.41327,15108.10264,554217.84173,258911.97819999998,3897517,-0.9833952536704418,-0.3751413488625078,0.4333742190695772,8086897.515134037,0.019988518973039465,21696753.31
2023-04-24,418866915.7,14281969,20005005,1953640,36049357,24900806,104725.72429,192872.8866,14517.350699999999,280926.88927,194024.87897,6242034,-0.9236872264691154,-0.55457669588312,0.027635486210174462,8381557.684376752,0.020010073295881343,21696753.31
2023-05-01,423768187.1,39276777,5083642,17291605,79150230,37916602,288005.73428,49012.56942,128492.607982,616805.11652,295442.80838,22713984,0.7475174517143076,-0.3561597405292998,0.46890063985196445,8475280.314331312,0.019999803128995453,21696753.31
2023-05-08,405501485.8,18740407,19359303,565623,44878108,34653949,137418.21585,186647.521883,4203.10184,349727.93747,270020.50615000003,6351084,-0.6728586296705417,-0.887611892107698,0.22969520698594423,8116551.269459691,0.020016082686964327,21696753.31
2023-05-15,491287369.3,26861894,14434710,0,29215183,11703561,196970.83298,139168.38115,0.0,227669.26002000002,91193.1132276,6071050,-1.3367034020126771,-0.9470040984321894,0.5597430994762299,9828881.252941526,0.02000637888766811,21696753.31
2023-05-22,436536075.6,36409288,14342450,7639959,77081119,23535340,266979.23082,138278.88014,56771.95674,600680.86245,183385.28903,11054982,-0.7149640211062058,-0.1480762903259292,0.5692945630599507,8737743.37492005,0.02001608541266698,21696753.31
2023-05-29,445456666.9,29137704,15482960,3675346,42672955,56653697,213658.7176,149274.800075,27311.21823,332543.53101,441440.599,5380475,-0.49763336867133756,-0.9369957062671398,0.9719633749969209,8907354.139078574,0.019996005898993932,21696753.31
2023-06-05,397094115.8,40594018,24535728,8685698,80787598,35999359,297664.69333,236554.63435,64542.76517,629564.8658,280503.82031,29549280,0.17087151945116477,-0.4578137562897653,0.6873976696595193,7924095.239691864,0.019955206900328145,21696753.31
2023-06-12,415884328.0,36213562,7405176,5573877,40569550,18687923,265544.02617,71395.01605,41419.059504,316152.02889,145614.64414,13488176,-0.8251976271955689,0.11165681959847522,0.2877278931574715,8318335.84148138,0.020001561206897365,21696753.31
2023-06-19,440957902.9,40011800,6781519,0,45839931,10331408,293395.44907,65382.19506,0.0,357223.271,80501.4192,14097959,-1.0542132027258753,-0.769319228719872,0.2208105619451449,8812796.197878502,0.019985572636118644,21696753.31
2023-06-26,423727018.7,36439449,33508424,27315081,81271328,62599149,267200.38925,323062.47472,202976.30043,633334.4975,487767.0279,41919056,0.6518112611565254,0.19450420262372722,0.7856379444937615,8489179.341518018,0.020034548109683758,21696753.31
2023-07-03,395530501.2,25074197,7309527,3425295,42000192,41360216,183862.1473,70472.84125,25453.10805,327300.79545,322275.14771,10330355,-0.2660145546664205,-0.3188335510520585,0.21810758349931025,7911293.379084243,0.020001727692509606,21696753.31
2023-07-10,455350813.8,48033400,11076463,8653431,63886816,10130388,352215.62366,106790.74384,64302.990659999996,497859.7687,78935.08883,10219351,-0.6817228421896641,0.4660479936583954,0.6718147818094135,9104077.475711204,0.019993546074367867,21696753.31
2023-07-17,425833435.3,18405557,24614315,6218609,48009106,32588413,134962.85535,237312.3132,46210.0127,374127.30472,253926.034218,2976376,-0.5294513272238099,-0.27388905229361993,0.08909462659895052,8527824.126636155,0.02002619667623867,21696753.31
2023-07-24,416409607.5,30464556,11790346,16934951,57452436,39860107,223388.15516,113673.45335,125842.34134,447717.67,310586.4304,27956765,-0.03868932587010416,0.2034944244516099,0.5854238211356257,8330385.099299945,0.02000526632733839,21696753.31
2023-07-31,405198967.4,32474378,11539273,10450243,61270249,49639429,238125.62226,111252.80239,77654.96712,477469.2746,386786.0392,27976746,0.3626656422948894,0.33304974594477316,0.3836695449380545,8100182.897959902,0.019990630652233745,21696753.31
2023-08-07,405401276.9,57701526,15406002,10176502,106083689,36584130,423109.3131,148532.8333,75620.81681,826693.2718,285060.306,40139665,0.36701082744133257,0.025526169847978123,0.9869633136446408,8118865.759911433,0.020026739486353685,21696753.31
2023-08-14,458868073.4,51649729,18040273,7123732,70672337,32969651,378733.1622,173930.449115,52935.9145,550738.2411,256896.60822,24347070,-0.35628378555112594,-0.3117331644329688,1.472634670984293,9170106.01852308,0.019984188375924347,21696753.31
2023-08-21,378488668.5,46638749,20020614,15676905,83135730,50766658,341989.0272,193023.375155,116493.89614,647863.4835,395569.31347,28965290,1.0629836514348165,0.39649331244242875,0.33963856268143716,7582767.863852874,0.020034332583599854,21696753.31
2023-08-28,440433152.6,15444976,7171410,13502518,86947740,51131983,113253.7333,69141.224294,100336.18923,677569.8691,398415.88762,18557992,-0.1233946917325895,-0.589774716413988,0.7777362949894177,8821606.475122577,0.02002938794013613,21696753.31
2023-09-04,373987730.8,58141486,52366813,29052657,119448062,51475835,426335.4212,504880.5656,215888.10004,930839.6871,401095.14983,43802830,0.9344874384533584,0.9718712241275029,0.5149340319615632,7469874.2387992805,0.019973581012458393,21696753.31
2023-09-11,429053677.6,47930423,28949513,16112071,100549485,65612761,351460.52407,279108.95591,119727.58196,783566.0986,511248.8311,34462839,1.5007692401752495,-0.1591667857161202,0.712394606822507,8587466.076653495,0.020014899125650788,21696753.31
2023-09-18,455132335.0,20401702,30927605,974522,54608381,39696931,149600.034227,298180.20323,7241.599300000001,425554.3998,309314.9777,15952299,-0.2531144960875659,-0.842084555086488,0.5187591005368863,9105733.95725833,0.020006783207917607,21696753.31
2023-09-25,399079195.8,49075722,10613048,30234773,93406375,61576311,359858.6827,102322.85324,224672.31344,727900.9763,479797.1712,11746699,1.1523458148285202,0.19268970597472626,0.5627463641011621,7986268.223600669,0.020011737789516384,21696753.31
2023-10-02,414177210.4,45906183,34528362,29004263,95047720,62275392,336617.330838,332895.93091,215528.484644,740691.7228999999,485244.3501,37611647,0.5467610642151537,0.8995679583921375,0.658128266176908,8277387.378341228,0.019985134793744867,21696753.31
2023-10-09,432541822.4,49832323,20111088,30364481,99078370,55679447,365406.628574,193895.653933,225636.16304,772101.9397,433849.33389999997,34151269,-0.2320268460476582,0.9234041490301438,0.39743846470926064,8646530.083405463,0.019990044050374963,21696753.31
2023-10-16,412716708.2,38771745,21241838,9088634,84043242,38857711,284302.4693,204797.4812,67536.953497,654935.5767,302775.8481,42620293,0.6556666546546599,0.6443586444826932,0.3997770290862516,8252938.95710847,0.019996619456242478,21696753.31
2023-10-23,464676509.6,54643380,20617793,28553055,101646966,72264612,400684.7701,198780.9139,212175.59482,792118.5964,563079.4613,45680443,1.115269868499828,0.8681922668046888,1.0978027552355765,9275985.800340662,0.019962243859336808,21696753.31
2023-10-30,487831419.2,35139539,14349455,5799921,58158620,25735245,257668.5087,138346.41889,43098.77444,453220.848804,200526.75311,20914133,-0.17158455927576496,-0.5746817843119463,0.46693522683825245,9745515.710450977,0.01997722025865565,21696753.31
2023-11-06,454283370.5,51199673,39464748,6652452,67235543,39509435,375433.03260000004,380488.77285,49433.8673,523955.85995,307854.02545,33277388,0.358430080170517,-0.08965116094286264,1.1739386427446843,9084364.186747054,0.019997131254768336,21696753.31
2023-11-13,426138039.35,39662913,31410884,16425557,84986626,61962255,290837.1568,302839.6026,122057.07310000001,662287.2151,482804.4147,31840126,-0.053007500862905746,1.1038962393178309,0.8656381653502161,8511462.950759348,0.01997348784854343,21696753.31
2023-11-20,437827437.9,27105781,25245751,20662827,78205700,37197498,198759.18735999998,243400.13312,153543.9062,609444.5444,289839.61655,29611506,0.36136926186801205,0.2955359013787884,0.7071821567328199,8757784.822289154,0.02000282317685498,21696753.31
2023-11-27,435276753.1,48429249,31854098,26927336,73980025,60474143,355118.27741,307112.73442,200094.99857999998,576514.5333,471209.1741,25702009,0.5689929416757071,0.33875089337536285,0.7667768349795197,8700429.87807294,0.01998827140689067,21696753.31
2023-12-04,432924109.3,46113938,44771420,38020008,78193832,49502334,338140.74486,431651.62352,282523.8085,609352.0619,385717.810486,18432325,0.08256341354806003,0.7086234858285516,0.5741137563737614,8671333.850651195,0.02002968572175843,21696753.31
2023-12-11,449027429.5,53163003,10788168,7997572,100553951,39580963,389829.58213,104011.2249796,59429.3525,783600.8993,308411.359186,19287781,-0.29105560192077784,-0.38023888490477714,1.4172642342028072,8984024.513793342,0.02000774100548203,21696753.31
2023-12-18,422546581.6,15690802,33468942,2132232,75586335,18067454,115056.308587,322681.8191,15844.455,589032.2546,140780.00503,31564702,0.05882275775451128,-0.2796199689485969,0.45616290203955384,8450199.936662598,0.01999826836763267,21696753.31
2023-12-25,473107918.7,36158974,17591779,13006993,79997178,28549297,265143.74975,169606.4153,96653.98247999999,623405.2512,222453.5975,24646276,-0.310988129807232,0.7025149460458199,0.3882899875423253,9464247.988201948,0.020004416781286793,21696753.31
2024-01-01,414811756.6,33297423,20483606,13339158,86878440,59321564,244160.7871,197487.18764,99122.27438,677029.8233,462228.38239000004,28704156,0.759569643939235,0.07426656672848231,0.6947537814079976,8306582.972899428,0.02002494587179554,21696753.31
2024-01-08,421145416.2,40819684,31527719,3524627,51605579,42044958,299319.44439,303966.0395,26191.237399999998,402154.0435,327610.59777,21262785,-0.26468804368649296,-0.3136974046870882,0.2589943964858105,8413358.313544922,0.019977323722192568,21696753.31
2024-01-15,422429715.8,36349940,10502860,11270574,83076800,27057902,266544.04888,101260.50547999999,83750.78419,647404.2573,210832.781673,23100096,-0.26080816929038564,0.5250320750069881,0.32928901075501454,8444954.603492199,0.01999138386251803,21696753.31
