level,variable,custom_same_scale,official,absolute_difference
geo,Channel0,1.4589237887249067,1.4589237887249067,0.0
geo,Channel1,1.228402433238979,1.2284024332389787,2.220446049250313e-16
geo,Channel2,1.7190619428348413,1.7190619428348415,2.220446049250313e-16
geo,Channel3,2.4564859021056162,2.4564859021056167,4.440892098500626e-16
geo,Channel4,1.7732531203939974,1.773253120393997,4.440892098500626e-16
geo,Organic_channel0,1.6321973105031204,1.6321973105031202,2.220446049250313e-16
geo,Promo,1.4936497071852706,1.4936497071852708,2.220446049250313e-16
geo,competitor_sales_control,2.4147890341382734,2.4147890341382725,8.881784197001252e-16
geo,sentiment_score_control,2.5973784198016645,2.5973784198016645,0.0
national,Channel0,1.744133164497344,1.7441331644973446,6.661338147750939e-16
national,Channel1,1.5092332858848787,1.5092332858848791,4.440892098500626e-16
national,Channel2,2.816790826606576,2.8167908266065758,4.440892098500626e-16
national,Channel3,3.9182536005534687,3.9182536005534687,0.0
national,Channel4,2.4934684034987704,2.4934684034987713,8.881784197001252e-16
national,Organic_channel0,2.3791056718616233,2.379105671861623,4.440892098500626e-16
national,Promo,1.8568895273528847,1.8568895273528851,4.440892098500626e-16
national,competitor_sales_control,3.579808166865403,3.579808166865402,1.3322676295501878e-15
national,sentiment_score_control,3.4356531313371437,3.4356531313371437,0.0
