geo,time,channel,spend,media_units,cost_per_media_unit,abs_cost_per_media_unit
Geo0,2023-11-20,Channel1,1238.5706,128466,0.009641232699702644,0.009641232699702644
Geo26,2023-01-09,Channel1,1061.1912,110068,0.009641232692517352,0.009641232692517352
Geo22,2021-06-21,Channel1,1267.9667,131515,0.009641232559023685,0.009641232559023685
Geo25,2022-04-11,Channel1,1313.4926,136237,0.009641232557968834,0.009641232557968834
Geo4,2023-03-27,Channel1,2338.8184,242585,0.009641232557660202,0.009641232557660202
Geo33,2021-10-25,Channel1,619.9891,64306,0.009641232544397102,0.009641232544397102
Geo24,2022-07-11,Channel1,1120.0027,116168,0.009641232525308175,0.009641232525308175
Geo9,2021-10-11,Channel1,19031.793,1974000,0.009641232522796353,0.009641232522796353
Geo33,2021-04-12,Channel1,1289.1292,133710,0.009641232518136266,0.009641232518136266
Geo20,2021-04-05,Channel1,18160.293,1883607,0.009641232486394456,0.009641232486394456
Geo22,2023-05-22,Channel1,2579.4539,267544,0.009641232470173131,0.009641232470173131
Geo21,2021-02-08,Channel1,1463.4716,151793,0.009641232467900366,0.009641232467900366
Geo17,2022-05-02,Channel1,1038.2354,107687,0.009641232460742707,0.009641232460742707
Geo20,2021-05-03,Channel1,12.070823,1252,0.009641232428115017,0.009641232428115017
Geo29,2023-02-13,Channel1,2835.3804,294089,0.009641232416037322,0.009641232416037322
Geo24,2022-03-07,Channel1,1162.9833,120626,0.00964123240429095,0.00964123240429095
Geo12,2023-02-06,Channel1,16690.217,1731129,0.009641232398047749,0.009641232398047749
Geo20,2022-11-21,Channel1,2330.5269,241725,0.009641232392181197,0.009641232392181197
Geo17,2022-10-24,Channel1,639.0016,66278,0.009641232384803404,0.009641232384803404
Geo10,2022-06-06,Channel1,2459.7869,255132,0.009641232381669097,0.009641232381669097
Geo18,2022-12-19,Channel1,17134.215,1777181,0.009641232378694123,0.009641232378694123
Geo33,2021-11-15,Channel1,17741.979,1840219,0.009641232375059707,0.009641232375059707
Geo33,2021-02-01,Channel1,146.69135,15215,0.009641232336510023,0.009641232336510023
Geo25,2022-05-09,Channel1,16625.717,1724439,0.009641232308014374,0.009641232308014374
Geo33,2023-02-27,Channel1,4454.9917,462077,0.00964123230543827,0.00964123230543827
Geo25,2023-06-05,Channel1,19867.453,2060676,0.00964123083881212,0.00964123083881212
Geo25,2022-12-19,Channel1,17646.123,1830277,0.009641230808232853,0.009641230808232853
Geo18,2023-09-04,Channel1,18014.283,1868463,0.009641230787015852,0.009641230787015852
Geo19,2022-12-12,Channel1,173.20471,17965,0.009641230726412469,0.009641230726412469
Geo29,2022-06-13,Channel1,2547.8784,264269,0.00964123071567229,0.00964123071567229
Geo24,2022-06-06,Channel1,817.7017,84813,0.009641230707556623,0.009641230707556623
Geo18,2021-11-01,Channel1,4236.1543,439379,0.009641230691498684,0.009641230691498684
Geo24,2021-06-07,Channel1,1184.1938,122826,0.009641230684057122,0.009641230684057122
Geo35,2022-06-06,Channel1,3041.1816,315435,0.009641230681439916,0.009641230681439916
Geo24,2023-11-13,Channel1,1262.0853,130905,0.009641230663458233,0.009641230663458233
Geo35,2022-12-19,Channel1,17110.533,1774725,0.009641230613193594,0.009641230613193594
Geo12,2023-07-03,Channel1,135.2279,14026,0.009641230571795239,0.009641230571795239
Geo10,2022-09-05,Channel1,16863.621,1749115,0.00964123056517153,0.00964123056517153
Geo25,2021-09-06,Channel1,17537.273,1818987,0.00964123053105932,0.00964123053105932
Geo17,2021-08-23,Channel1,1285.2628,133309,0.009641230524570735,0.009641230524570735
Geo32,2023-01-09,Channel1,546.7349,56708,0.009641230514213162,0.009641230514213162
Geo28,2022-11-14,Channel1,1114.1888,115565,0.009641230476355298,0.009641230476355298
Geo34,2023-08-28,Channel1,2149.0881,222906,0.009641230384108098,0.009641230384108098
Geo28,2022-04-04,Channel1,582.1182,60378,0.0096412302494286,0.0096412302494286
Geo15,2023-01-30,Channel1,1128.2264,117021,0.009641230206544124,0.009641230206544124
Geo14,2021-06-14,Channel3,16912.227,2170226,0.007792841390712303,0.007792841390712303
Geo7,2021-10-25,Channel3,34484.11,4425101,0.00779284133853668,0.00779284133853668
Geo25,2023-04-24,Channel3,570.0931,73156,0.007792841325386845,0.007792841325386845
Geo15,2021-10-11,Channel3,35397.766,4542344,0.007792841317170167,0.007792841317170167
Geo17,2023-06-19,Channel3,16992.797,2180565,0.007792841304891163,0.007792841304891163
Geo33,2022-02-21,Channel3,17249.049,2213448,0.00779284130460711,0.00779284130460711
Geo25,2022-11-14,Channel3,17873.879,2293628,0.0077928412977169795,0.0077928412977169795
Geo15,2024-01-01,Channel3,17567.293,2254286,0.00779284128100871,0.00779284128100871
Geo23,2022-08-08,Channel3,16906.725,2169520,0.007792841273645783,0.007792841273645783
Geo16,2022-05-23,Channel3,2173.4546,278904,0.007792841264377707,0.007792841264377707
Geo14,2022-08-15,Channel3,19555.387,2509404,0.0077928412483601675,0.0077928412483601675
Geo0,2021-09-06,Channel3,1210.4932,155334,0.007792841232441062,0.007792841232441062
Geo13,2023-12-18,Channel3,17092.553,2193366,0.007792841231240021,0.007792841231240021
Geo18,2021-07-26,Channel3,19375.723,2486349,0.007792841230253678,0.007792841230253678
Geo17,2022-07-18,Channel3,20438.799,2622766,0.0077928412218245926,0.0077928412218245926
Geo13,2023-10-02,Channel3,19692.463,2526994,0.007792841217668107,0.007792841217668107
Geo7,2021-11-08,Channel3,41479.33,5322748,0.007792841216604656,0.007792841216604656
Geo35,2022-02-07,Channel3,20300.967,2605079,0.007792841215180039,0.007792841215180039
Geo21,2022-01-03,Channel3,4736.9097,607854,0.007792841208579692,0.007792841208579692
Geo12,2021-04-05,Channel3,16926.807,2172097,0.007792841203684735,0.007792841203684735
Geo7,2021-11-22,Channel3,40103.27,5146168,0.00779284119756681,0.00779284119756681
Geo39,2022-02-21,Channel3,21395.713,2745560,0.0077928411690147,0.0077928411690147
Geo14,2023-02-13,Channel3,4536.3687,582120,0.007792841166769738,0.007792841166769738
Geo14,2022-05-09,Channel3,22538.463,2892201,0.007792841161454546,0.007792841161454546
Geo22,2021-10-11,Channel3,18096.559,2322203,0.007792841108206302,0.007792841108206302
Geo8,2023-07-24,Channel3,4728.7817,606811,0.007792841098793528,0.007792841098793528
Geo8,2023-03-20,Channel3,4693.7217,602312,0.007792841085683168,0.007792841085683168
Geo20,2022-04-18,Channel3,23168.783,2973086,0.007792839830398448,0.007792839830398448
Geo38,2022-07-25,Channel3,2252.5671,289056,0.007792839795748921,0.007792839795748921
Geo12,2021-02-08,Channel3,19568.787,2511124,0.007792839780114403,0.007792839780114403
Geo35,2022-07-11,Channel3,18227.873,2339054,0.0077928397548752614,0.0077928397548752614
Geo18,2021-05-10,Channel3,18115.773,2324669,0.00779283975482101,0.00779283975482101
Geo18,2023-08-21,Channel3,17394.195,2232074,0.0077928397535207165,0.0077928397535207165
Geo35,2022-09-26,Channel3,36657.074,4703943,0.007792839751672161,0.007792839751672161
Geo22,2023-10-09,Channel3,18013.453,2311539,0.007792839748756132,0.007792839748756132
Geo33,2022-12-26,Channel3,19005.271,2438812,0.007792839710481989,0.007792839710481989
Geo35,2023-12-11,Channel3,18485.021,2372052,0.007792839701659155,0.007792839701659155
Geo32,2023-05-22,Channel3,19271.451,2472969,0.007792839699971977,0.007792839699971977
Geo22,2021-01-25,Channel3,18557.697,2381378,0.007792839691976662,0.007792839691976662
Geo13,2022-02-14,Channel3,16967.607,2177333,0.007792839680471476,0.007792839680471476
Geo32,2022-12-12,Channel3,17771.867,2280538,0.007792839672042298,0.007792839672042298
Geo35,2023-04-10,Channel3,17099.867,2194305,0.007792839646266129,0.007792839646266129
Geo9,2021-06-28,Channel3,17519.527,2248157,0.007792839645985578,0.007792839645985578
Geo32,2021-11-29,Channel3,34736.91,4457542,0.00779283964121931,0.00779283964121931
Geo17,2023-10-02,Channel3,36787.51,4720681,0.007792839634789981,0.007792839634789981
Geo16,2022-11-07,Channel3,17758.697,2278848,0.007792839627741736,0.007792839627741736
Geo19,2022-04-11,Channel3,17054.271,2188454,0.007792839602751532,0.007792839602751532
Geo26,2022-10-31,Channel4,2338.4854,300117,0.007791912487463222,0.007791912487463222
Geo28,2024-01-08,Channel4,17139.379,2199637,0.007791912483741636,0.007791912483741636
Geo6,2022-02-28,Channel4,270.28586,34688,0.00779191247693727,0.00779191247693727
Geo16,2022-07-11,Channel4,17262.795,2215476,0.007791912437778607,0.007791912437778607
Geo25,2021-12-27,Channel4,17358.729,2227788,0.007791912426137496,0.007791912426137496
Geo29,2022-03-21,Channel4,74.19459,9522,0.007791912413358539,0.007791912413358539
Geo24,2023-05-22,Channel4,2138.2566,274420,0.007791912397055609,0.007791912397055609
Geo22,2022-03-28,Channel4,4436.7227,569401,0.007791912378095578,0.007791912378095578
Geo15,2023-04-17,Channel4,17219.877,2209968,0.007791912371581851,0.007791912371581851
Geo20,2021-06-14,Channel4,20272.795,2601774,0.0077919123644098216,0.0077919123644098216
Geo34,2021-07-12,Channel4,530.70715,68110,0.007791912347672882,0.007791912347672882
Geo0,2023-06-26,Channel4,2282.7576,292965,0.007791912344478009,0.007791912344478009
Geo33,2022-12-05,Channel4,18897.725,2425300,0.007791912340741351,0.007791912340741351
Geo28,2021-05-10,Channel4,2167.9126,278226,0.007791912330263886,0.007791912330263886
Geo15,2023-01-16,Channel4,18660.469,2394851,0.00779191231521293,0.00779191231521293
Geo14,2022-05-30,Channel4,18118.635,2325313,0.007791912314600228,0.007791912314600228
Geo28,2022-10-17,Channel4,21793.893,2796989,0.007791912302837087,0.007791912302837087
Geo15,2021-06-14,Channel4,18591.643,2386018,0.0077919122990689925,0.0077919122990689925
Geo0,2021-03-01,Channel4,323.93317,41573,0.00779191229884781,0.00779191229884781
Geo18,2023-11-13,Channel4,18885.133,2423684,0.007791912229482062,0.007791912229482062
Geo20,2023-12-18,Channel4,4278.4604,549090,0.007791910979985066,0.007791910979985066
Geo18,2024-01-08,Channel4,8216.648,1054510,0.007791910934936605,0.007791910934936605
Geo21,2021-11-29,Channel4,18015.537,2312082,0.007791910927034595,0.007791910927034595
Geo21,2023-10-02,Channel4,8206.612,1053222,0.0077919109171665606,0.0077919109171665606
Geo28,2023-08-28,Channel4,16637.07,2135172,0.0077919109092850596,0.0077919109092850596
Geo18,2021-03-15,Channel4,19402.201,2490044,0.007791910905992023,0.007791910905992023
Geo38,2022-04-04,Channel4,1198.7777,153849,0.0077919108996483575,0.0077919108996483575
Geo38,2021-10-18,Channel4,529.8889,68005,0.007791910888905228,0.007791910888905228
Geo25,2021-01-25,Channel4,18734.777,2404388,0.007791910872953949,0.007791910872953949
Geo23,2022-11-07,Channel4,36271.01,4654957,0.0077919108597566,0.0077919108597566
Geo30,2023-12-18,Channel4,1356.4548,174085,0.007791910848148892,0.007791910848148892
Geo25,2022-08-08,Channel4,19962.447,2561945,0.00779191083337074,0.00779191083337074
Geo36,2023-04-10,Channel4,4240.7163,544246,0.007791910827089221,0.007791910827089221
Geo23,2021-03-29,Channel4,18110.863,2324316,0.007791910824517837,0.007791910824517837
Geo5,2023-10-30,Channel4,4395.0273,564050,0.007791910823508554,0.007791910823508554
Geo30,2023-08-28,Channel4,2633.4321,337970,0.0077919108204870255,0.0077919108204870255
Geo6,2023-05-29,Channel4,2321.1401,297891,0.007791910799587769,0.007791910799587769
Geo24,2023-12-11,Channel4,1157.3403,148531,0.007791910779567902,0.007791910779567902
Geo1,2024-01-01,Channel4,2396.0671,307507,0.007791910753251146,0.007791910753251146
Geo39,2023-07-24,Channel4,1201.4503,154192,0.007791910734668465,0.007791910734668465
Geo36,2021-10-04,Channel4,34208.062,4390202,0.007791910713903369,0.007791910713903369
Geo27,2021-05-24,Channel4,1050.1158,134770,0.007791910662610374,0.007791910662610374
Geo27,2022-02-07,Channel2,1192.3737,160461,0.007430925271561315,0.007430925271561315
Geo38,2022-06-20,Channel2,1110.8936,149496,0.007430925242146948,0.007430925242146948
Geo32,2023-04-10,Channel2,64.57474,8690,0.007430925201380899,0.007430925201380899
Geo28,2021-08-09,Channel2,2133.7976,287151,0.007430925192668665,0.007430925192668665
Geo11,2022-08-22,Channel2,1133.6768,152562,0.00743092513207745,0.00743092513207745
Geo16,2022-08-29,Channel2,10.024318,1349,0.007430925129725722,0.007430925129725722
Geo28,2023-10-02,Channel2,1447.0612,194735,0.007430925103345573,0.007430925103345573
Geo9,2021-04-05,Channel2,895.3373,120488,0.007430925071376403,0.007430925071376403
Geo14,2022-12-19,Channel2,4858.8887,653874,0.0074309250711910866,0.0074309250711910866
Geo34,2021-04-05,Channel2,4209.4927,566483,0.0074309250233458015,0.0074309250233458015
Geo3,2021-07-05,Channel2,385.6873,51903,0.007430924994701655,0.007430924994701655
Geo28,2023-05-01,Channel2,3207.9749,431706,0.007430924981353051,0.007430924981353051
Geo12,2021-11-29,Channel2,3503.6514,471496,0.00743092497073146,0.00743092497073146
Geo35,2021-07-26,Channel2,1372.7222,184731,0.007430924966573016,0.007430924966573016
Geo28,2022-10-31,Channel2,4263.0176,573686,0.007430924931059848,0.007430924931059848
Geo4,2022-11-21,Channel2,74.16062,9980,0.00743092384769539,0.00743092384769539
Geo14,2021-06-07,Channel2,1283.8407,172770,0.007430923771488105,0.007430923771488105
Geo17,2022-12-12,Channel2,4349.4683,585320,0.007430923768195176,0.007430923768195176
Geo12,2023-05-01,Channel2,2325.7751,312986,0.007430923747388062,0.007430923747388062
Geo28,2023-09-25,Channel2,18291.605,2461552,0.0074309236611698635,0.0074309236611698635
Geo29,2021-11-29,Channel2,1459.0024,196342,0.007430923592506952,0.007430923592506952
Geo24,2023-09-18,Channel0,1100.0186,150015,0.007332724060927241,0.007332724060927241
Geo37,2021-04-19,Channel0,72.84328,9934,0.0073327239782564925,0.0073327239782564925
Geo18,2022-08-01,Channel0,17749.049,2420526,0.00733272396165131,0.00733272396165131
Geo30,2021-03-15,Channel0,1054.4677,143803,0.007332723934827506,0.007332723934827506
Geo2,2022-03-14,Channel0,16881.793,2302254,0.007332723930548063,0.007332723930548063
Geo36,2021-11-22,Channel0,18574.127,2533046,0.007332723922108007,0.007332723922108007
Geo3,2021-12-13,Channel0,2213.0894,301810,0.007332723899141844,0.007332723899141844
Geo26,2022-11-07,Channel0,2140.8914,291964,0.007332723897466811,0.007332723897466811
Geo26,2022-02-14,Channel0,310.49686,42344,0.007332723880597016,0.007332723880597016
Geo1,2023-06-05,Channel0,2198.5266,299824,0.007332723864667272,0.007332723864667272
Geo8,2021-07-12,Channel0,618.0093,84281,0.007332723864216135,0.007332723864216135
Geo20,2023-05-01,Channel0,17320.715,2362112,0.007332723850520213,0.007332723850520213
Geo16,2023-05-15,Channel0,1371.1387,186989,0.007332723850066046,0.007332723850066046
Geo10,2023-07-24,Channel0,20143.975,2747134,0.007332723849655677,0.007332723849655677
Geo14,2023-12-25,Channel0,18010.387,2456166,0.00733272384684097,0.00733272384684097
Geo34,2021-01-25,Channel0,18595.729,2535992,0.00733272384140013,0.00733272384140013
Geo24,2023-04-17,Channel0,139.5564,19032,0.007332723833543505,0.007332723833543505
Geo22,2022-10-31,Channel0,4354.5967,593858,0.007332723816131129,0.007332723816131129
Geo18,2023-12-18,Channel0,4114.34,561093,0.007332723808709074,0.007332723808709074
Geo37,2022-07-25,Channel0,3064.7559,417956,0.007332723779536602,0.007332723779536602
Geo27,2021-04-19,Channel0,1312.8362,179038,0.00733272377930942,0.00733272377930942
Geo1,2024-01-08,Channel0,314.81583,42933,0.007332723778911327,0.007332723778911327
Geo5,2023-05-22,Channel0,4142.131,564883,0.007332723767576649,0.007332723767576649
Geo28,2023-11-06,Channel0,20004.807,2728155,0.007332723763862391,0.007332723763862391
Geo17,2024-01-01,Channel0,694.0643,94653,0.007332723738286161,0.007332723738286161
Geo33,2021-12-20,Channel0,2892.0771,394407,0.007332722542956895,0.007332722542956895
Geo28,2021-06-14,Channel0,17690.611,2412557,0.007332722501478722,0.007332722501478722
Geo17,2023-11-20,Channel0,18842.941,2569706,0.007332722498215749,0.007332722498215749
Geo5,2023-11-13,Channel0,5030.1743,685990,0.0073327224886660155,0.0073327224886660155
Geo38,2022-04-11,Channel0,1055.9707,144008,0.007332722487639576,0.007332722487639576
Geo21,2021-04-26,Channel0,2703.6921,368716,0.007332722474750215,0.007332722474750215
Geo28,2023-02-20,Channel0,20130.523,2745300,0.007332722471132481,0.007332722471132481
Geo14,2021-03-29,Channel0,2323.9304,316926,0.007332722465181147,0.007332722465181147
Geo17,2021-05-10,Channel0,4653.7563,634656,0.007332722451217667,0.007332722451217667
Geo10,2021-04-05,Channel0,569.2979,77638,0.007332722378216853,0.007332722378216853
Geo35,2021-11-08,Channel0,18670.695,2546216,0.007332722361339337,0.007332722361339337
Geo14,2021-07-05,Channel0,141.14024,19248,0.007332722360764755,0.007332722360764755
Geo7,2022-10-03,Channel0,17134.365,2336699,0.007332722357479505,0.007332722357479505
Geo36,2023-10-23,Channel0,34155.85,4658004,0.007332722342016022,0.007332722342016022
Geo34,2023-04-10,Channel0,18102.035,2468665,0.007332722341832529,0.007332722341832529
Geo18,2022-06-06,Channel0,1167.3254,159194,0.007332722338781612,0.007332722338781612
Geo17,2022-01-17,Channel0,1146.4858,156352,0.007332722318870241,0.007332722318870241
Geo17,2023-08-21,Channel0,17468.957,2382329,0.00733272230661676,0.00733272230661676
Geo12,2021-03-08,Channel0,2166.7021,295484,0.007332722245536137,0.007332722245536137
Geo30,2022-08-29,Channel0,1211.0284,165154,0.007332722186565266,0.007332722186565266
