var1,var2,corr_matrix
Channel0,Channel0,1.0000000000000002
Channel0,Channel1,0.20510095743265686
Channel0,Channel2,0.25693193366586853
Channel0,Channel3,0.3420386745500619
Channel0,Channel4,0.18881493886080836
Channel0,Organic_channel0,0.34586933997547975
Channel0,competitor_sales_control,0.08082244739462578
Channel0,sentiment_score_control,0.4412128760721511
Channel0,Promo,0.3675303498000237
Channel1,Channel0,0.20510095743265686
Channel1,Channel1,1.0
Channel1,Channel2,0.26236357716901076
Channel1,Channel3,0.3203546492173724
Channel1,Channel4,0.22311256674254706
Channel1,Organic_channel0,0.28380813131869354
Channel1,competitor_sales_control,0.19976313050700234
Channel1,sentiment_score_control,0.392012103198734
Channel1,Promo,0.10888284561985534
Channel2,Channel0,0.25693193366586853
Channel2,Channel1,0.26236357716901076
Channel2,Channel2,1.0000000000000002
Channel2,Channel3,0.5113530240558776
Channel2,Channel4,0.43494821112291454
Channel2,Organic_channel0,0.39681792562415774
Channel2,competitor_sales_control,0.48335224208469807
Channel2,sentiment_score_control,0.44063793519057626
Channel2,Promo,0.21117746000206977
Channel3,Channel0,0.3420386745500619
Channel3,Channel1,0.3203546492173724
Channel3,Channel2,0.5113530240558776
Channel3,Channel3,0.9999999999999998
Channel3,Channel4,0.4826205433698339
Channel3,Organic_channel0,0.45302558242758345
Channel3,competitor_sales_control,0.5425089323868698
Channel3,sentiment_score_control,0.5567957391432823
Channel3,Promo,0.27045733824827817
Channel4,Channel0,0.18881493886080836
Channel4,Channel1,0.22311256674254706
Channel4,Channel2,0.43494821112291454
Channel4,Channel3,0.4826205433698339
Channel4,Channel4,0.9999999999999999
Channel4,Organic_channel0,0.30830815049460014
Channel4,competitor_sales_control,0.5999787806167799
Channel4,sentiment_score_control,0.2863867413057787
Channel4,Promo,0.19463272329615305
Organic_channel0,Channel0,0.34586933997547975
Organic_channel0,Channel1,0.28380813131869354
Organic_channel0,Channel2,0.39681792562415774
Organic_channel0,Channel3,0.45302558242758345
Organic_channel0,Channel4,0.30830815049460014
Organic_channel0,Organic_channel0,0.9999999999999999
Organic_channel0,competitor_sales_control,0.24882937009239975
Organic_channel0,sentiment_score_control,0.526959974958116
Organic_channel0,Promo,0.2990368029135039
competitor_sales_control,Channel0,0.08082244739462578
competitor_sales_control,Channel1,0.19976313050700234
competitor_sales_control,Channel2,0.48335224208469807
competitor_sales_control,Channel3,0.5425089323868698
competitor_sales_control,Channel4,0.5999787806167799
competitor_sales_control,Organic_channel0,0.24882937009239975
competitor_sales_control,competitor_sales_control,1.0000000000000002
competitor_sales_control,sentiment_score_control,0.1192196533207549
competitor_sales_control,Promo,0.033810556280978045
sentiment_score_control,Channel0,0.4412128760721511
sentiment_score_control,Channel1,0.392012103198734
sentiment_score_control,Channel2,0.44063793519057626
sentiment_score_control,Channel3,0.5567957391432823
sentiment_score_control,Channel4,0.2863867413057787
sentiment_score_control,Organic_channel0,0.526959974958116
sentiment_score_control,competitor_sales_control,0.1192196533207549
sentiment_score_control,sentiment_score_control,1.0000000000000002
sentiment_score_control,Promo,0.05339682373243814
Promo,Channel0,0.3675303498000237
Promo,Channel1,0.10888284561985534
Promo,Channel2,0.21117746000206977
Promo,Channel3,0.27045733824827817
Promo,Channel4,0.19463272329615305
Promo,Organic_channel0,0.2990368029135039
Promo,competitor_sales_control,0.033810556280978045
Promo,sentiment_score_control,0.05339682373243814
Promo,Promo,1.0000000000000002
