time,channel,spend,media_units,cost_per_media_unit,abs_cost_per_media_unit
2023-02-06,Channel1,230744.64075000005,23933108.0,0.00964123175101203,0.00964123175101203
2023-07-24,Channel1,113673.45335000003,11790346.0,0.009641231338758,0.009641231338758
2021-06-07,Channel1,264984.35487000004,27484493.0,0.009641231325242203,0.009641231325242203
2023-01-09,Channel3,670837.4124,86083810.0,0.00779284063286697,0.00779284063286697
2023-04-03,Channel4,214047.86804000003,27470520.0,0.007791911767232656,0.007791911767232656
2023-03-20,Channel2,305.08405,41056.0,0.007430924834372564,0.007430924834372564
2023-03-06,Channel2,2658.55454,357769.0,0.007430924814615017,0.007430924814615017
2021-08-16,Channel2,4715.77634,634615.0,0.00743092479692412,0.00743092479692412
2023-03-13,Channel2,11206.912,1508145.0,0.007430924745299689,0.007430924745299689
2022-03-21,Channel2,28548.824875,3841894.0,0.0074309246624191085,0.0074309246624191085
2023-02-13,Channel2,25728.75916,3462390.0,0.007430924638761088,0.007430924638761088
2022-05-16,Channel2,18862.9106,2538434.0,0.007430924183965389,0.007430924183965389
2023-04-24,Channel2,14517.350699999999,1953640.0,0.007430924172314244,0.007430924172314244
2021-07-19,Channel2,7251.1626400000005,975809.0,0.007430924125520466,0.007430924125520466
2022-03-28,Channel2,1249.5024,168149.0,0.007430923764042606,0.007430923764042606
