geo,std_with_outliers,std_without_outliers
Geo0,0.8963456955094171,0.8791155257947929
Geo1,1.30392339485106,1.30392339485106
Geo2,0.8286627812364544,0.8089012822315659
Geo3,0.8767206996467575,0.8767206996467575
Geo4,0.9404770801004275,0.9404770801004275
Geo5,0.8954048429025864,0.8954048429025864
Geo6,1.0085151658506877,0.9332171342602743
Geo7,0.8991699918057442,0.8787951144257752
Geo8,1.1441657112360044,1.1441657112360044
Geo9,1.0732786262576273,1.0732786262576273
Geo10,1.0119644900805134,1.0119644900805134
Geo11,0.8239219018589587,0.8239219018589587
Geo12,0.8688606411152966,0.8479400488422394
Geo13,1.190726831572989,1.1174127277456394
Geo14,0.988058618048082,0.988058618048082
Geo15,0.9275308465494361,0.9275308465494361
Geo16,0.919611419237582,0.919611419237582
Geo17,0.8813059307263609,0.8339411140597888
Geo18,0.9026981308663999,0.8537664874932958
Geo19,1.0033172196239222,1.0033172196239222
Geo20,0.8725834377535697,0.8555290336315879
Geo21,0.954869223024445,0.9319110460536921
Geo22,1.2314662315164198,1.2314662315164198
Geo23,0.8405671952869882,0.7909999781437438
Geo24,0.8401561689692526,0.8401561689692526
Geo25,0.8722464515828352,0.8544119770262293
Geo26,0.9388422553182753,0.9388422553182753
Geo27,0.8498061501691536,0.8200694351903458
Geo28,1.1489930288057821,1.1489930288057821
Geo29,0.9562768349378928,0.9562768349378928
Geo30,1.2861032701148356,1.2247668591902483
Geo31,0.8628222639403517,0.8238807817360203
Geo32,0.8074639284748942,0.7877304889934666
Geo33,0.7788154958659897,0.7574600931886986
Geo34,0.8224561860164615,0.777686791848997
Geo35,0.8396774114153435,0.8396774114153435
Geo36,0.896527566113363,0.8501593999471149
Geo37,1.034374638353891,1.0162135654219948
Geo38,0.7911325618016021,0.7665551052023324
Geo39,0.8769521631804181,0.7959621864672465
