time,channel,cost_per_media_unit_da
2021-01-25,Channel0,0.007332723245023809
2021-01-25,Channel1,0.0096412316689689
2021-01-25,Channel2,0.007430924332913097
2021-01-25,Channel3,0.007792840376139076
2021-01-25,Channel4,0.007791911483781045
2021-02-01,Channel0,0.007332722992348488
2021-02-01,Channel1,0.00964123145967282
2021-02-01,Channel2,0.007430924376625594
2021-02-01,Channel3,0.00779284050669457
2021-02-01,Channel4,0.007791911631302947
2021-02-08,Channel0,0.00733272316630574
2021-02-08,Channel1,0.00964123158976578
2021-02-08,Channel2,0.007430924357752776
2021-02-08,Channel3,0.0077928405288201184
2021-02-08,Channel4,0.007791911671771417
2021-02-15,Channel0,0.007332723222379173
2021-02-15,Channel1,0.009641231504188073
2021-02-15,Channel2,0.0074309243483625265
2021-02-15,Channel3,0.007792840453414521
2021-02-15,Channel4,0.007791911638271206
2021-02-22,Channel0,0.007332723118316146
2021-02-22,Channel1,0.009641231637734789
2021-02-22,Channel2,0.007430924406208161
2021-02-22,Channel3,0.007792840584604655
2021-02-22,Channel4,0.007791911538365145
2021-03-01,Channel0,0.007332723157246846
2021-03-01,Channel1,0.00964123155275117
2021-03-01,Channel2,0.0074309244295835564
2021-03-01,Channel3,0.007792840484271936
2021-03-01,Channel4,0.007791911635908176
2021-03-08,Channel0,0.00733272313374893
2021-03-08,Channel1,0.009641231581019436
2021-03-08,Channel2,0.007430924426267926
2021-03-08,Channel3,0.007792840417271835
2021-03-08,Channel4,0.007791911663335086
2021-03-15,Channel0,0.007332723071237773
2021-03-15,Channel1,0.009641231574044264
2021-03-15,Channel2,0.007430924545816615
2021-03-15,Channel3,0.007792840473044677
2021-03-15,Channel4,0.007791911571725925
2021-03-22,Channel0,0.007332723134363833
2021-03-22,Channel1,0.009641231558455794
2021-03-22,Channel2,0.00743092435579055
2021-03-22,Channel3,0.007792840578389269
2021-03-22,Channel4,0.0077919116043452105
2021-03-29,Channel0,0.00733272314949145
2021-03-29,Channel1,0.009641231560610886
2021-03-29,Channel2,0.007430924336584355
2021-03-29,Channel3,0.007792840428385139
2021-03-29,Channel4,0.007791911557898337
2021-04-05,Channel0,0.007332723185841826
2021-04-05,Channel1,0.009641231668573695
2021-04-05,Channel2,0.007430924379281042
2021-04-05,Channel3,0.007792840470075102
2021-04-05,Channel4,0.007791911714174618
2021-04-12,Channel0,0.0073327231084908025
2021-04-12,Channel1,0.009641231534082896
2021-04-12,Channel2,0.007430924520882481
2021-04-12,Channel3,0.007792840587635547
2021-04-12,Channel4,0.0077919116667846105
2021-04-19,Channel0,0.007332723017765719
2021-04-19,Channel1,0.009641231648782701
2021-04-19,Channel2,0.007430924455385674
2021-04-19,Channel3,0.007792840538744515
2021-04-19,Channel4,0.007791911582643267
2021-04-26,Channel0,0.007332723212251509
2021-04-26,Channel1,0.009641231652191218
2021-04-26,Channel2,
2021-04-26,Channel3,0.0077928405430214035
2021-04-26,Channel4,0.007791911616729763
2021-05-03,Channel0,0.007332723091223982
2021-05-03,Channel1,0.009641231513565277
2021-05-03,Channel2,0.0074309243699639035
2021-05-03,Channel3,0.007792840475526571
2021-05-03,Channel4,0.007791911547709091
2021-05-10,Channel0,0.007332723128560529
2021-05-10,Channel1,0.009641231521401717
2021-05-10,Channel2,0.007430924379223592
2021-05-10,Channel3,0.007792840470132431
2021-05-10,Channel4,0.007791911558978676
2021-05-17,Channel0,0.007332723058146791
2021-05-17,Channel1,0.009641231497652055
2021-05-17,Channel2,0.007430924463165674
2021-05-17,Channel3,0.007792840447116108
2021-05-17,Channel4,0.007791911642410752
2021-05-24,Channel0,0.007332723200963611
2021-05-24,Channel1,0.009641231455245718
2021-05-24,Channel2,0.00743092452591415
2021-05-24,Channel3,0.007792840523216406
2021-05-24,Channel4,0.007791911601621967
2021-05-31,Channel0,0.007332723108574127
2021-05-31,Channel1,0.009641231450858006
2021-05-31,Channel2,0.007430924407823118
2021-05-31,Channel3,0.0077928403960804615
2021-05-31,Channel4,0.0077919116823563445
2021-06-07,Channel0,0.007332723044421205
2021-06-07,Channel1,0.009641231325242203
2021-06-07,Channel2,0.007430924369009872
2021-06-07,Channel3,0.007792840454349367
2021-06-07,Channel4,0.00779191156004087
2021-06-14,Channel0,0.0073327230934329074
2021-06-14,Channel1,0.009641231576217603
2021-06-14,Channel2,0.00743092434053927
2021-06-14,Channel3,0.00779284056265273
2021-06-14,Channel4,0.007791911691450603
2021-06-21,Channel0,0.007332723184941845
2021-06-21,Channel1,0.009641231558132147
2021-06-21,Channel2,0.007430924607217047
2021-06-21,Channel3,0.007792840554213641
2021-06-21,Channel4,0.007791911531086041
2021-06-28,Channel0,0.007332723097621425
2021-06-28,Channel1,0.009641231665733274
2021-06-28,Channel2,0.007430924391294272
2021-06-28,Channel3,0.007792840438535849
2021-06-28,Channel4,0.007791911580726702
2021-07-05,Channel0,0.0073327231142191395
2021-07-05,Channel1,0.009641231536763774
2021-07-05,Channel2,0.007430924615768404
2021-07-05,Channel3,0.007792840489277277
2021-07-05,Channel4,0.007791911570750157
2021-07-12,Channel0,0.0073327230914728226
2021-07-12,Channel1,0.00964123144292955
2021-07-12,Channel2,0.0074309242534083015
2021-07-12,Channel3,0.007792840551358645
2021-07-12,Channel4,0.0077919114751690355
2021-07-19,Channel0,0.0073327230859434244
2021-07-19,Channel1,0.009641231642551816
2021-07-19,Channel2,0.007430924125520466
2021-07-19,Channel3,0.007792840506409335
2021-07-19,Channel4,0.0077919116273269555
2021-07-26,Channel0,0.007332723136711004
2021-07-26,Channel1,0.009641231495127463
2021-07-26,Channel2,0.007430924320371574
2021-07-26,Channel3,0.007792840586387213
2021-07-26,Channel4,0.007791911541535826
2021-08-02,Channel0,0.007332723116019247
2021-08-02,Channel1,0.009641231543654758
2021-08-02,Channel2,0.007430924343615755
2021-08-02,Channel3,0.007792840519989786
2021-08-02,Channel4,0.007791911529983076
2021-08-09,Channel0,0.007332723218473833
2021-08-09,Channel1,0.009641231459399135
2021-08-09,Channel2,0.007430924229598304
2021-08-09,Channel3,0.0077928405223874385
2021-08-09,Channel4,0.007791911550879436
2021-08-16,Channel0,0.0073327231744206075
2021-08-16,Channel1,0.009641231635239243
2021-08-16,Channel2,0.00743092479692412
2021-08-16,Channel3,0.007792840372512194
2021-08-16,Channel4,0.007791911587069108
2021-08-23,Channel0,0.007332723125968228
2021-08-23,Channel1,0.009641231508784119
2021-08-23,Channel2,0.007430924447911665
2021-08-23,Channel3,0.0077928404741454
2021-08-23,Channel4,0.007791911487107356
2021-08-30,Channel0,0.007332723159572234
2021-08-30,Channel1,0.009641231529421465
2021-08-30,Channel2,0.007430924383292307
2021-08-30,Channel3,0.007792840446878685
2021-08-30,Channel4,0.007791911579519087
2021-09-06,Channel0,0.007332723127183097
2021-09-06,Channel1,0.009641231487595296
2021-09-06,Channel2,0.007430924210835828
2021-09-06,Channel3,0.007792840503282717
2021-09-06,Channel4,0.007791911635258523
2021-09-13,Channel0,0.007332723112320031
2021-09-13,Channel1,0.009641231613123476
2021-09-13,Channel2,0.007430924380581033
2021-09-13,Channel3,0.0077928405137947625
2021-09-13,Channel4,0.007791911587155264
2021-09-20,Channel0,0.0073327230903315645
2021-09-20,Channel1,0.009641231644924694
2021-09-20,Channel2,0.007430924380646148
2021-09-20,Channel3,0.007792840455540128
2021-09-20,Channel4,0.007791911569750534
2021-09-27,Channel0,0.007332723076234322
2021-09-27,Channel1,0.009641231542789107
2021-09-27,Channel2,0.0074309244753245724
2021-09-27,Channel3,0.007792840486239362
2021-09-27,Channel4,0.00779191156736019
2021-10-04,Channel0,0.0073327232026461535
2021-10-04,Channel1,0.00964123161719638
2021-10-04,Channel2,0.007430924419784269
2021-10-04,Channel3,0.007792840386091235
2021-10-04,Channel4,0.007791911606776284
2021-10-11,Channel0,0.007332723151987724
2021-10-11,Channel1,0.009641231576872957
2021-10-11,Channel2,0.007430924404397964
2021-10-11,Channel3,0.007792840595708891
2021-10-11,Channel4,0.007791911616961022
2021-10-18,Channel0,0.0073327231403788615
2021-10-18,Channel1,0.00964123152539836
2021-10-18,Channel2,0.007430924402548997
2021-10-18,Channel3,0.007792840416909301
2021-10-18,Channel4,0.007791911581797078
2021-10-25,Channel0,0.0073327230548411336
2021-10-25,Channel1,0.00964123146253479
2021-10-25,Channel2,0.007430924572338583
2021-10-25,Channel3,0.0077928404684912975
2021-10-25,Channel4,0.007791911588366427
2021-11-01,Channel0,0.007332723168920531
2021-11-01,Channel1,0.009641231592353075
2021-11-01,Channel2,0.007430924442830504
2021-11-01,Channel3,0.00779284043240563
2021-11-01,Channel4,0.0077919116171357924
2021-11-08,Channel0,0.0073327231121103065
2021-11-08,Channel1,0.009641231589793504
2021-11-08,Channel2,0.007430924446957171
2021-11-08,Channel3,0.007792840432823607
2021-11-08,Channel4,0.007791911585084003
2021-11-15,Channel0,0.007332723080104161
2021-11-15,Channel1,0.009641231678161976
2021-11-15,Channel2,0.007430924508292953
2021-11-15,Channel3,0.007792840482231364
2021-11-15,Channel4,0.007791911517409572
2021-11-22,Channel0,0.007332723257843328
2021-11-22,Channel1,0.009641231495946421
2021-11-22,Channel2,0.00743092444211649
2021-11-22,Channel3,0.007792840574922709
2021-11-22,Channel4,0.007791911617443807
2021-11-29,Channel0,0.0073327231012761925
2021-11-29,Channel1,0.009641231565596924
2021-11-29,Channel2,0.007430924389277015
2021-11-29,Channel3,0.007792840384274721
2021-11-29,Channel4,0.007791911612161702
2021-12-06,Channel0,0.007332723150583686
2021-12-06,Channel1,0.009641231609943672
2021-12-06,Channel2,0.007430924408536239
2021-12-06,Channel3,0.007792840477345976
2021-12-06,Channel4,0.007791911641418924
2021-12-13,Channel0,0.00733272329173504
2021-12-13,Channel1,0.009641231519112833
2021-12-13,Channel2,0.0074309244346167916
2021-12-13,Channel3,0.007792840425900572
2021-12-13,Channel4,0.0077919115212325436
2021-12-20,Channel0,0.00733272305699295
2021-12-20,Channel1,0.009641231666800391
2021-12-20,Channel2,0.007430924545756414
2021-12-20,Channel3,0.007792840472794617
2021-12-20,Channel4,0.007791911614994765
2021-12-27,Channel0,0.007332723205629209
2021-12-27,Channel1,0.009641231524791554
2021-12-27,Channel2,0.007430924340566563
2021-12-27,Channel3,0.0077928404542855515
2021-12-27,Channel4,0.007791911658599874
2022-01-03,Channel0,0.0073327231706647525
2022-01-03,Channel1,0.009641231523828894
2022-01-03,Channel2,0.007430924420908579
2022-01-03,Channel3,0.0077928404604536506
2022-01-03,Channel4,0.007791911567823128
2022-01-10,Channel0,0.007332723157861352
2022-01-10,Channel1,0.009641231512008044
2022-01-10,Channel2,0.007430924358567321
2022-01-10,Channel3,0.007792840574105047
2022-01-10,Channel4,0.0077919115919814815
2022-01-17,Channel0,0.0073327230895436695
2022-01-17,Channel1,0.009641231472032854
2022-01-17,Channel2,0.007430924340822461
2022-01-17,Channel3,0.007792840528080339
2022-01-17,Channel4,0.007791911633770142
2022-01-24,Channel0,0.007332723090422813
2022-01-24,Channel1,0.009641231523164788
2022-01-24,Channel2,0.007430924270685371
2022-01-24,Channel3,0.0077928405172804464
2022-01-24,Channel4,0.007791911670071132
2022-01-31,Channel0,0.007332723122000066
2022-01-31,Channel1,0.009641231485520266
2022-01-31,Channel2,0.007430924478066335
2022-01-31,Channel3,0.007792840387627128
2022-01-31,Channel4,0.007791911509515826
2022-02-07,Channel0,0.007332723099206024
2022-02-07,Channel1,0.00964123143387926
2022-02-07,Channel2,0.0074309245662524115
2022-02-07,Channel3,0.0077928405184462075
2022-02-07,Channel4,0.007791911597053686
2022-02-14,Channel0,0.007332723135412222
2022-02-14,Channel1,0.009641231488280166
2022-02-14,Channel2,0.007430924305962352
2022-02-14,Channel3,0.007792840407077901
2022-02-14,Channel4,0.00779191161441062
2022-02-21,Channel0,0.0073327231255905356
2022-02-21,Channel1,0.009641231495082673
2022-02-21,Channel2,0.0074309243668415365
2022-02-21,Channel3,0.007792840593135293
2022-02-21,Channel4,0.0077919115736016795
2022-02-28,Channel0,0.007332723113278742
2022-02-28,Channel1,0.009641231530110525
2022-02-28,Channel2,0.007430924584303394
2022-02-28,Channel3,0.007792840426812712
2022-02-28,Channel4,0.007791911487371816
2022-03-07,Channel0,0.007332723116450433
2022-03-07,Channel1,0.009641231504365619
2022-03-07,Channel2,0.007430924410886276
2022-03-07,Channel3,0.007792840621435313
2022-03-07,Channel4,0.007791911605095118
2022-03-14,Channel0,0.00733272323550733
2022-03-14,Channel1,0.009641231572705784
2022-03-14,Channel2,0.007430924421126517
2022-03-14,Channel3,0.007792840420358412
2022-03-14,Channel4,0.0077919116169197595
2022-03-21,Channel0,0.0073327231425820835
2022-03-21,Channel1,0.00964123145520902
2022-03-21,Channel2,0.0074309246624191085
2022-03-21,Channel3,0.007792840478259694
2022-03-21,Channel4,0.0077919116075102005
2022-03-28,Channel0,0.00733272321919214
2022-03-28,Channel1,0.0096412316318607
2022-03-28,Channel2,0.007430923764042606
2022-03-28,Channel3,0.007792840424958978
2022-03-28,Channel4,0.007791911661572282
2022-04-04,Channel0,0.007332723098667601
2022-04-04,Channel1,0.009641231517432382
2022-04-04,Channel2,0.007430924364641417
2022-04-04,Channel3,0.007792840446138974
2022-04-04,Channel4,0.007791911610676361
2022-04-11,Channel0,0.0073327231144211785
2022-04-11,Channel1,0.00964123156127435
2022-04-11,Channel2,0.007430924291350954
2022-04-11,Channel3,0.007792840493237151
2022-04-11,Channel4,0.00779191152300635
2022-04-18,Channel0,0.007332723109708367
2022-04-18,Channel1,0.00964123171496526
2022-04-18,Channel2,0.007430924384955742
2022-04-18,Channel3,0.007792840407136107
2022-04-18,Channel4,0.007791911520968756
2022-04-25,Channel0,0.007332723116521987
2022-04-25,Channel1,0.009641231458023957
2022-04-25,Channel2,0.007430924538038868
2022-04-25,Channel3,0.007792840489325291
2022-04-25,Channel4,0.007791911624403624
2022-05-02,Channel0,0.007332723150501725
2022-05-02,Channel1,0.009641231582219948
2022-05-02,Channel2,0.007430924429672974
2022-05-02,Channel3,0.007792840461412902
2022-05-02,Channel4,0.007791911586690424
2022-05-09,Channel0,0.007332723116608998
2022-05-09,Channel1,0.009641231600658752
2022-05-09,Channel2,0.007430924445932889
2022-05-09,Channel3,0.0077928404696669265
2022-05-09,Channel4,0.0077919115789448525
2022-05-16,Channel0,0.0073327231621608075
2022-05-16,Channel1,0.009641231442132392
2022-05-16,Channel2,0.007430924183965389
2022-05-16,Channel3,0.007792840539058803
2022-05-16,Channel4,0.0077919116455523385
2022-05-23,Channel0,0.007332723094695432
2022-05-23,Channel1,0.009641231628271638
2022-05-23,Channel2,0.0074309244923305455
2022-05-23,Channel3,0.007792840448539802
2022-05-23,Channel4,0.00779191166683394
2022-05-30,Channel0,0.007332723185157322
2022-05-30,Channel1,0.009641231476006392
2022-05-30,Channel2,0.007430924367705628
2022-05-30,Channel3,0.007792840403208142
2022-05-30,Channel4,0.007791911736548884
2022-06-06,Channel0,0.00733272310139539
2022-06-06,Channel1,0.009641231501218562
2022-06-06,Channel2,0.007430924573189524
2022-06-06,Channel3,0.007792840522311465
2022-06-06,Channel4,0.007791911643206538
2022-06-13,Channel0,0.007332723201752723
2022-06-13,Channel1,0.00964123152609397
2022-06-13,Channel2,0.00743092443034048
2022-06-13,Channel3,0.007792840553838785
2022-06-13,Channel4,0.007791911593948911
2022-06-20,Channel0,0.007332723148560591
2022-06-20,Channel1,0.009641231583251121
2022-06-20,Channel2,0.007430924420207751
2022-06-20,Channel3,0.007792840499074846
2022-06-20,Channel4,0.007791911736085319
2022-06-27,Channel0,0.007332723101000972
2022-06-27,Channel1,0.009641231515817495
2022-06-27,Channel2,0.0074309242585054005
2022-06-27,Channel3,0.007792840544784313
2022-06-27,Channel4,0.007791911612670939
2022-07-04,Channel0,0.00733272315179985
2022-07-04,Channel1,0.009641231570480337
2022-07-04,Channel2,0.007430924398276175
2022-07-04,Channel3,0.00779284055392397
2022-07-04,Channel4,0.007791911543116298
2022-07-11,Channel0,0.0073327231995177255
2022-07-11,Channel1,0.009641231647318489
2022-07-11,Channel2,0.007430924389476887
2022-07-11,Channel3,0.007792840407465486
2022-07-11,Channel4,0.007791911685414988
2022-07-18,Channel0,0.007332723073948262
2022-07-18,Channel1,0.009641231597496806
2022-07-18,Channel2,0.0074309244245202855
2022-07-18,Channel3,0.007792840509145714
2022-07-18,Channel4,0.007791911595166406
2022-07-25,Channel0,0.007332723197902405
2022-07-25,Channel1,0.009641231548835559
2022-07-25,Channel2,
2022-07-25,Channel3,0.0077928404655047715
2022-07-25,Channel4,0.007791911549204571
2022-08-01,Channel0,0.007332723186950114
2022-08-01,Channel1,0.009641231643661312
2022-08-01,Channel2,0.007430924357897545
2022-08-01,Channel3,0.007792840493561019
2022-08-01,Channel4,0.007791911546501231
2022-08-08,Channel0,0.007332723134778264
2022-08-08,Channel1,0.009641231577860296
2022-08-08,Channel2,0.007430924534774687
2022-08-08,Channel3,0.007792840455178439
2022-08-08,Channel4,0.007791911554742863
2022-08-15,Channel0,0.007332723151256624
2022-08-15,Channel1,0.009641231639132488
2022-08-15,Channel2,0.007430924400175943
2022-08-15,Channel3,0.007792840482307002
2022-08-15,Channel4,0.0077919115976523776
2022-08-22,Channel0,0.00733272311130785
2022-08-22,Channel1,0.009641231648483779
2022-08-22,Channel2,0.00743092443182136
2022-08-22,Channel3,0.007792840558355543
2022-08-22,Channel4,0.007791911572343778
2022-08-29,Channel0,0.007332723082984346
2022-08-29,Channel1,0.009641231481456632
2022-08-29,Channel2,0.0074309243531290176
2022-08-29,Channel3,0.007792840422015475
2022-08-29,Channel4,0.007791911585786511
2022-09-05,Channel0,0.007332723200060554
2022-09-05,Channel1,0.00964123140885648
2022-09-05,Channel2,0.0074309243748218404
2022-09-05,Channel3,0.007792840409995127
2022-09-05,Channel4,0.007791911666609369
2022-09-12,Channel0,0.007332723130062254
2022-09-12,Channel1,0.00964123160864517
2022-09-12,Channel2,0.007430924444603865
2022-09-12,Channel3,0.007792840474496626
2022-09-12,Channel4,0.007791911609249205
2022-09-19,Channel0,0.007332723128354927
2022-09-19,Channel1,0.009641231483897636
2022-09-19,Channel2,0.007430924488811209
2022-09-19,Channel3,0.00779284042701151
2022-09-19,Channel4,0.007791911579227685
2022-09-26,Channel0,0.007332723055684215
2022-09-26,Channel1,0.00964123155054157
2022-09-26,Channel2,0.007430924325762613
2022-09-26,Channel3,0.007792840376357808
2022-09-26,Channel4,0.007791911514338302
2022-10-03,Channel0,0.00733272304917673
2022-10-03,Channel1,0.009641231660615455
2022-10-03,Channel2,0.007430924240567136
2022-10-03,Channel3,0.007792840491200094
2022-10-03,Channel4,0.007791911617545565
2022-10-10,Channel0,0.007332723135336981
2022-10-10,Channel1,0.009641231529605974
2022-10-10,Channel2,0.007430924396968311
2022-10-10,Channel3,0.0077928404699284
2022-10-10,Channel4,0.007791911585212665
2022-10-17,Channel0,0.007332723124166248
2022-10-17,Channel1,0.0096412315062374
2022-10-17,Channel2,0.00743092442494522
2022-10-17,Channel3,0.00779284054293452
2022-10-17,Channel4,0.007791911597695939
2022-10-24,Channel0,0.007332723097594782
2022-10-24,Channel1,0.009641231700429168
2022-10-24,Channel2,0.007430924455361757
2022-10-24,Channel3,0.0077928404224357605
2022-10-24,Channel4,0.00779191155564607
2022-10-31,Channel0,0.007332723095621156
2022-10-31,Channel1,0.009641231519944381
2022-10-31,Channel2,0.007430924377294229
2022-10-31,Channel3,0.007792840585212125
2022-10-31,Channel4,0.007791911512056333
2022-11-07,Channel0,0.007332723074888983
2022-11-07,Channel1,0.009641231588675653
2022-11-07,Channel2,0.00743092433157037
2022-11-07,Channel3,0.0077928404328845265
2022-11-07,Channel4,0.007791911595397993
2022-11-14,Channel0,0.00733272310073768
2022-11-14,Channel1,0.00964123146693473
2022-11-14,Channel2,0.007430924349435848
2022-11-14,Channel3,0.007792840532274597
2022-11-14,Channel4,0.007791911607757351
2022-11-21,Channel0,0.007332723198350928
2022-11-21,Channel1,0.009641231583436993
2022-11-21,Channel2,0.007430924270936276
2022-11-21,Channel3,0.007792840513875331
2022-11-21,Channel4,0.0077919115380104325
2022-11-28,Channel0,0.007332723144763668
2022-11-28,Channel1,0.009641231531882677
2022-11-28,Channel2,0.007430924379674424
2022-11-28,Channel3,0.007792840427716859
2022-11-28,Channel4,0.007791911549790067
2022-12-05,Channel0,0.007332723097010002
2022-12-05,Channel1,0.009641231604119432
2022-12-05,Channel2,0.0074309243937959145
2022-12-05,Channel3,0.007792840479261844
2022-12-05,Channel4,0.007791911604984849
2022-12-12,Channel0,0.007332723125876515
2022-12-12,Channel1,0.009641231575038996
2022-12-12,Channel2,0.007430924404793209
2022-12-12,Channel3,0.0077928404794090946
2022-12-12,Channel4,0.007791911623806061
2022-12-19,Channel0,0.007332723062030495
2022-12-19,Channel1,0.009641231480671012
2022-12-19,Channel2,0.00743092449540522
2022-12-19,Channel3,0.007792840498819657
2022-12-19,Channel4,0.007791911512146471
2022-12-26,Channel0,0.0073327232276408135
2022-12-26,Channel1,0.009641231458939654
2022-12-26,Channel2,0.007430924367137334
2022-12-26,Channel3,0.007792840493175079
2022-12-26,Channel4,0.007791911636413041
2023-01-02,Channel0,0.0073327231393468684
2023-01-02,Channel1,0.00964123156169881
2023-01-02,Channel2,0.007430924391948155
2023-01-02,Channel3,0.007792840409124997
2023-01-02,Channel4,0.007791911593849563
2023-01-09,Channel0,0.007332723173304072
2023-01-09,Channel1,0.009641231526629004
2023-01-09,Channel2,0.0074309244069723475
2023-01-09,Channel3,0.00779284063286697
2023-01-09,Channel4,0.007791911572692476
2023-01-16,Channel0,0.007332723180546729
2023-01-16,Channel1,0.00964123145766016
2023-01-16,Channel2,0.007430924446922868
2023-01-16,Channel3,0.007792840475597318
2023-01-16,Channel4,0.007791911735338783
2023-01-23,Channel0,0.00733272314941197
2023-01-23,Channel1,0.009641231567744093
2023-01-23,Channel2,0.007430924390022945
2023-01-23,Channel3,0.007792840553073011
2023-01-23,Channel4,0.007791911490522463
2023-01-30,Channel0,0.007332723131111487
2023-01-30,Channel1,0.009641231416300498
2023-01-30,Channel2,0.007430924396210001
2023-01-30,Channel3,0.007792840514851722
2023-01-30,Channel4,0.007791911608283444
2023-02-06,Channel0,0.007332723094058282
2023-02-06,Channel1,0.00964123175101203
2023-02-06,Channel2,0.007430924283773525
2023-02-06,Channel3,0.007792840577353989
2023-02-06,Channel4,0.007791911719835594
2023-02-13,Channel0,0.007332723121304502
2023-02-13,Channel1,0.009641231565589542
2023-02-13,Channel2,0.007430924638761088
2023-02-13,Channel3,0.00779284053647924
2023-02-13,Channel4,0.007791911666286649
2023-02-20,Channel0,0.0073327231087037354
2023-02-20,Channel1,0.009641231379623591
2023-02-20,Channel2,0.007430924449158965
2023-02-20,Channel3,0.007792840453968433
2023-02-20,Channel4,0.0077919116657416175
2023-02-27,Channel0,0.007332723180203869
2023-02-27,Channel1,0.009641231604332048
2023-02-27,Channel2,0.007430924378757002
2023-02-27,Channel3,0.007792840539892693
2023-02-27,Channel4,0.007791911641246867
2023-03-06,Channel0,0.007332723200937133
2023-03-06,Channel1,0.009641231558999297
2023-03-06,Channel2,0.007430924814615017
2023-03-06,Channel3,0.007792840503223154
2023-03-06,Channel4,0.007791911705840481
2023-03-13,Channel0,0.007332723152237098
2023-03-13,Channel1,0.009641231501473384
2023-03-13,Channel2,0.007430924745299689
2023-03-13,Channel3,0.007792840493204407
2023-03-13,Channel4,0.00779191158867114
2023-03-20,Channel0,0.007332723070752252
2023-03-20,Channel1,0.009641231585989353
2023-03-20,Channel2,0.007430924834372564
2023-03-20,Channel3,0.007792840478100688
2023-03-20,Channel4,0.007791911658448242
2023-03-27,Channel0,0.0073327232143258515
2023-03-27,Channel1,0.00964123167595651
2023-03-27,Channel2,0.007430924311790333
2023-03-27,Channel3,0.007792840508235901
2023-03-27,Channel4,0.00779191169604162
2023-04-03,Channel0,0.007332723209400447
2023-04-03,Channel1,0.009641231519632545
2023-04-03,Channel2,0.007430924529263527
2023-04-03,Channel3,0.007792840468789914
2023-04-03,Channel4,0.007791911767232656
2023-04-10,Channel0,0.007332723087200586
2023-04-10,Channel1,0.009641231543899367
2023-04-10,Channel2,0.007430924514136393
2023-04-10,Channel3,0.0077928404679570165
2023-04-10,Channel4,0.0077919116003827464
2023-04-17,Channel0,0.007332723170021874
2023-04-17,Channel1,0.009641231593756806
2023-04-17,Channel2,0.0074309246145984114
2023-04-17,Channel3,0.007792840428702665
2023-04-17,Channel4,0.007791911659639524
2023-04-24,Channel0,0.007332723120320454
2023-04-24,Channel1,0.009641231611789149
2023-04-24,Channel2,0.007430924172314244
2023-04-24,Channel3,0.007792840501149576
2023-04-24,Channel4,0.007791911593945993
2023-05-01,Channel0,0.0073327232089333595
2023-05-01,Channel1,0.009641231506860632
2023-05-01,Channel2,0.007430924311652968
2023-05-01,Channel3,0.007792840482207064
2023-05-01,Channel4,0.0077919115320513165
2023-05-08,Channel0,0.007332723128691923
2023-05-08,Channel1,0.009641231499036921
2023-05-08,Channel2,0.007430924555755336
2023-05-08,Channel3,0.0077928404974202566
2023-05-08,Channel4,0.007791911569731921
2023-05-15,Channel0,0.007332723186980039
2023-05-15,Channel1,0.009641231528032083
2023-05-15,Channel2,
2023-05-15,Channel3,0.007792840456279188
2023-05-15,Channel4,0.0077919116436100085
2023-05-22,Channel0,0.007332723200190016
2023-05-22,Channel1,0.009641231459060342
2023-05-22,Channel2,0.007430924268049082
2023-05-22,Channel3,0.007792840454871963
2023-05-22,Channel4,0.0077919116116444455
2023-05-29,Channel0,0.0073327231823070195
2023-05-29,Channel1,0.009641231397290957
2023-05-29,Channel2,0.007430924389159551
2023-05-29,Channel3,0.007792840477299967
2023-05-29,Channel4,0.00779191160287386
2023-06-05,Channel0,0.007332723095555604
2023-06-05,Channel1,0.00964123152775414
2023-06-05,Channel2,0.00743092439663456
2023-06-05,Channel3,0.007792840502573179
2023-06-05,Channel4,0.007791911525702445
2023-06-12,Channel0,0.007332723198286875
2023-06-12,Channel1,0.009641231491324445
2023-06-12,Channel2,0.007430924561844475
2023-06-12,Channel3,0.007792840415779814
2023-06-12,Channel4,0.007791911607298467
2023-06-19,Channel0,0.007332723073443333
2023-06-19,Channel1,0.009641231567735784
2023-06-19,Channel2,
2023-06-19,Channel3,0.0077928405040574794
2023-06-19,Channel4,0.007791911731682652
2023-06-26,Channel0,0.007332723094962276
2023-06-26,Channel1,0.009641231551803213
2023-06-26,Channel2,0.007430924346517588
2023-06-26,Channel3,0.007792840514430871
2023-06-26,Channel4,0.007791911482694437
2023-07-03,Channel0,0.0073327232493228004
2023-07-03,Channel1,0.009641231402524405
2023-07-03,Channel2,0.0074309243583399395
2023-07-03,Channel3,0.007792840457729337
2023-07-03,Channel4,0.007791911621302946
2023-07-10,Channel0,0.007332723139731937
2023-07-10,Channel1,0.009641231486982801
2023-07-10,Channel2,0.007430924295808217
2023-07-10,Channel3,0.007792840524404909
2023-07-10,Channel4,0.007791911704665212
2023-07-17,Channel0,0.007332723228642306
2023-07-17,Channel1,0.009641231665394708
2023-07-17,Channel2,0.007430924295127737
2023-07-17,Channel3,0.007792840481553646
2023-07-17,Channel4,0.007791911628774314
2023-07-24,Channel0,0.007332723154081089
2023-07-24,Channel1,0.009641231338758
2023-07-24,Channel2,0.007430924443773118
2023-07-24,Channel3,0.00779284049852995
2023-07-24,Channel4,0.007791911607261867
2023-07-31,Channel0,0.007332723116667545
2023-07-31,Channel1,0.009641231504792375
2023-07-31,Channel2,0.007430924536395948
2023-07-31,Channel3,0.007792840446919026
2023-07-31,Channel4,0.007791911530650362
2023-08-07,Channel0,0.007332723108570821
2023-08-07,Channel1,0.00964123159921698
2023-08-07,Channel2,0.007430924379516653
2023-08-07,Channel3,0.007792840535551137
2023-08-07,Channel4,0.007791911574772997
2023-08-14,Channel0,0.0073327231242587936
2023-08-14,Channel1,0.009641231544278739
2023-08-14,Channel2,0.007430924478910773
2023-08-14,Channel3,0.007792840374020745
2023-08-14,Channel4,0.007791911665064333
2023-08-21,Channel0,0.007332722993920783
2023-08-21,Channel1,0.009641231540401309
2023-08-21,Channel2,0.0074309244165222665
2023-08-21,Channel3,0.007792840497100344
2023-08-21,Channel4,0.007791911641495093
2023-08-28,Channel0,0.007332723165125022
2023-08-28,Channel1,0.009641231542193235
2023-08-28,Channel2,0.00743092430834012
2023-08-28,Channel3,0.007792840493611448
2023-08-28,Channel4,0.007791911524730031
2023-09-04,Channel0,0.007332723164316786
2023-09-04,Channel1,0.009641231472306708
2023-09-04,Channel2,0.007430924477578762
2023-09-04,Channel3,0.007792840432187174
2023-09-04,Channel4,0.007791911482931748
2023-09-11,Channel0,0.007332723186482207
2023-09-11,Channel1,0.009641231474602009
2023-09-11,Channel2,0.007430924426785358
2023-09-11,Channel3,0.007792840496398365
2023-09-11,Channel4,0.007791911562752254
2023-09-18,Channel0,0.007332723231963686
2023-09-18,Channel1,0.009641231619131193
2023-09-18,Channel2,0.007430924391650471
2023-09-18,Channel3,0.007792840439638743
2023-09-18,Channel4,0.007791911614023763
2023-09-25,Channel0,0.00733272314771039
2023-09-25,Channel1,0.009641231551953783
2023-09-25,Channel2,0.0074309244339291055
2023-09-25,Channel3,0.007792840438353377
2023-09-25,Channel4,0.007791911587558404
2023-10-02,Channel0,0.0073327231505612225
2023-10-02,Channel1,0.009641231487030865
2023-10-02,Channel2,0.007430924365980268
2023-10-02,Channel3,0.00779284051106118
2023-10-02,Channel4,0.007791911612535493
2023-10-09,Channel0,0.007332723151878751
2023-10-09,Channel1,0.009641231440735578
2023-10-09,Channel2,0.007430924409345246
2023-10-09,Channel3,0.0077928405533922275
2023-10-09,Channel4,0.007791911688706245
2023-10-16,Channel0,0.007332723077075848
2023-10-16,Channel1,0.009641231667429155
2023-10-16,Channel2,0.007430924547847342
2023-10-16,Channel3,0.007792840460628591
2023-10-16,Channel4,0.0077919115745134875
2023-10-23,Channel0,0.007332723014205931
2023-10-23,Channel1,0.009641231430541571
2023-10-23,Channel2,0.007430924460447404
2023-10-23,Channel3,0.007792840530036086
2023-10-23,Channel4,0.0077919115001959735
2023-10-30,Channel0,0.00733272308154071
2023-10-30,Channel1,0.009641231593116254
2023-10-30,Channel2,0.00743092439362536
2023-10-30,Channel3,0.007792840490438045
2023-10-30,Channel4,0.007791911563694071
2023-11-06,Channel0,0.007332723250009819
2023-11-06,Channel1,0.00964123153275931
2023-11-06,Channel2,0.007430924311817657
2023-11-06,Channel3,0.007792840461629051
2023-11-06,Channel4,0.007791911614276438
2023-11-13,Channel0,0.007332723060457005
2023-11-13,Channel1,0.009641231447036002
2023-11-13,Channel2,0.007430924449015642
2023-11-13,Channel3,0.0077928404299754195
2023-11-13,Channel4,0.007791911619420564
2023-11-20,Channel0,0.007332723132382722
2023-11-20,Channel1,0.009641231632206149
2023-11-20,Channel2,0.007430924442236294
2023-11-20,Channel3,0.007792840475822092
2023-11-20,Channel4,0.007791911610560475
2023-11-27,Channel0,0.00733272319399378
2023-11-27,Channel1,0.00964123154326957
2023-11-27,Channel2,0.0074309244174767235
2023-11-27,Channel3,0.007792840476871968
2023-11-27,Channel4,0.007791911562930293
2023-12-04,Channel0,0.007332723239988742
2023-12-04,Channel1,0.00964123147132702
2023-12-04,Channel2,0.007430924488495637
2023-12-04,Channel3,0.00779284051330289
2023-12-04,Channel4,0.007791911599279341
2023-12-11,Channel0,0.007332723136990588
2023-12-11,Channel1,0.009641231484307624
2023-12-11,Channel2,0.00743092434803963
2023-12-11,Channel3,0.0077928404752589005
2023-12-11,Channel4,0.007791911459708548
2023-12-18,Channel0,0.00733272324684232
2023-12-18,Channel1,0.009641231536389768
2023-12-18,Channel2,0.007430924496021071
2023-12-18,Channel3,0.0077928405260024826
2023-12-18,Channel4,0.007791911634588915
2023-12-25,Channel0,0.007332723261174391
2023-12-25,Channel1,0.009641231583229876
2023-12-25,Channel2,0.007430924463478991
2023-12-25,Channel3,0.00779284053244978
2023-12-25,Channel4,0.007791911566158705
2024-01-01,Channel0,0.0073327232290619
2024-01-01,Channel1,0.00964123151167817
2024-01-01,Channel2,0.007430924379184952
2024-01-01,Channel3,0.0077928404711226406
2024-01-01,Channel4,0.007791911595419161
2024-01-08,Channel0,0.007332723212408992
2024-01-08,Channel1,0.00964123156197884
2024-01-08,Channel2,0.007430924577267324
2024-01-08,Channel3,0.0077928404504481975
2024-01-08,Channel4,0.007791911643008421
2024-01-15,Channel0,0.007332723214398704
2024-01-15,Channel1,0.009641231576922857
2024-01-15,Channel2,0.007430924475541353
2024-01-15,Channel3,0.007792840568004548
2024-01-15,Channel4,0.007791911644627879
