time,var,outliers,abs_outliers
2021-08-30,Channel2,5.439542798410447,5.439542798410447
2021-11-22,Channel2,4.719548378933572,4.719548378933572
2023-12-04,Channel2,4.487553592143077,4.487553592143077
2022-10-17,Channel2,4.199797481777137,4.199797481777137
2023-08-14,Promo,3.4204787308785827,3.4204787308785827
2021-11-22,sentiment_score_control,3.216904430574933,3.216904430574933
2021-12-13,sentiment_score_control,3.180240559245801,3.180240559245801
2022-10-10,competitor_sales_control,3.0984275762157383,3.0984275762157383
2023-12-11,Promo,3.0729003986372394,3.0729003986372394
2021-11-22,Organic_channel0,3.0229159116230706,3.0229159116230706
2021-04-26,sentiment_score_control,-2.8462997886563617,2.8462997886563617
2021-10-18,Promo,2.8226107834627374,2.8226107834627374
2021-08-30,Organic_channel0,2.758934323231196,2.758934323231196
2023-09-04,Channel1,2.703359132014552,2.703359132014552
2021-12-13,Promo,2.692923794739544,2.692923794739544
2022-07-04,Promo,2.668560549656231,2.668560549656231
2021-11-22,Channel1,2.664096710260319,2.664096710260319
2022-09-05,Channel1,2.541586873915132,2.541586873915132
2022-10-10,Channel4,2.2180253945775084,2.2180253945775084
2021-11-22,Channel3,1.9796859194581824,1.9796859194581824
2021-08-30,Channel3,1.9305746678034983,1.9305746678034983
