variable,case_geo,case_time,time,value,is_case
conversions,Geo23,2022-02-28,2022-02-14,11765221.0,False
conversions,Geo23,2022-02-28,2022-02-21,21184376.0,False
conversions,Geo23,2022-02-28,2022-02-28,36712692.0,True
conversions,Geo23,2022-02-28,2022-03-07,18639864.0,False
conversions,Geo23,2022-02-28,2022-03-14,19338662.0,False
conversions,Geo36,2023-10-02,2023-09-18,20574386.0,False
conversions,Geo36,2023-10-02,2023-09-25,19408506.0,False
conversions,Geo36,2023-10-02,2023-10-02,36644916.0,True
conversions,Geo36,2023-10-02,2023-10-09,23950908.0,False
conversions,Geo36,2023-10-02,2023-10-16,16532328.0,False
conversions,Geo36,2023-08-14,2023-07-31,23287226.0,False
conversions,Geo36,2023-08-14,2023-08-07,22831174.0,False
conversions,Geo36,2023-08-14,2023-08-14,34850496.0,True
conversions,Geo36,2023-08-14,2023-08-21,16486089.0,False
conversions,Geo36,2023-08-14,2023-08-28,16833836.0,False
Channel0_impression,Geo36,2022-01-24,2022-01-10,4088132.0,False
Channel0_impression,Geo36,2022-01-24,2022-01-17,699397.0,False
Channel0_impression,Geo36,2022-01-24,2022-01-24,5192032.0,True
Channel0_impression,Geo36,2022-01-24,2022-01-31,1823164.0,False
Channel0_impression,Geo36,2022-01-24,2022-02-07,2393930.0,False
Channel0_impression,Geo36,2022-08-08,2022-07-25,393243.0,False
Channel0_impression,Geo36,2022-08-08,2022-08-01,2944073.0,False
Channel0_impression,Geo36,2022-08-08,2022-08-08,5012579.0,True
Channel0_impression,Geo36,2022-08-08,2022-08-15,1571079.0,False
Channel0_impression,Geo36,2022-08-08,2022-08-22,34329.0,False
Channel0_impression,Geo2,2023-02-13,2023-01-30,0.0,False
Channel0_impression,Geo2,2023-02-13,2023-02-06,0.0,False
Channel0_impression,Geo2,2023-02-13,2023-02-13,4784388.0,True
Channel0_impression,Geo2,2023-02-13,2023-02-20,1233299.0,False
Channel0_impression,Geo2,2023-02-13,2023-02-27,1261164.0,False
Channel1_impression,Geo36,2022-09-05,2022-08-22,1191020.0,False
Channel1_impression,Geo36,2022-09-05,2022-08-29,1791518.0,False
Channel1_impression,Geo36,2022-09-05,2022-09-05,4397540.0,True
Channel1_impression,Geo36,2022-09-05,2022-09-12,1233526.0,False
Channel1_impression,Geo36,2022-09-05,2022-09-19,910421.0,False
Channel1_impression,Geo23,2023-09-04,2023-08-21,640151.0,False
Channel1_impression,Geo23,2023-09-04,2023-08-28,757282.0,False
Channel1_impression,Geo23,2023-09-04,2023-09-04,4267416.0,True
Channel1_impression,Geo23,2023-09-04,2023-09-11,0.0,False
Channel1_impression,Geo23,2023-09-04,2023-09-18,996387.0,False
Channel1_impression,Geo36,2021-03-29,2021-03-15,1711164.0,False
Channel1_impression,Geo36,2021-03-29,2021-03-22,1591600.0,False
Channel1_impression,Geo36,2021-03-29,2021-03-29,4208919.0,True
Channel1_impression,Geo36,2021-03-29,2021-04-05,0.0,False
Channel1_impression,Geo36,2021-03-29,2021-04-12,1674294.0,False
Channel2_impression,Geo23,2021-10-18,2021-10-04,0.0,False
Channel2_impression,Geo23,2021-10-18,2021-10-11,1113041.0,False
Channel2_impression,Geo23,2021-10-18,2021-10-18,5610156.0,True
Channel2_impression,Geo23,2021-10-18,2021-10-25,0.0,False
Channel2_impression,Geo23,2021-10-18,2021-11-01,0.0,False
Channel2_impression,Geo36,2022-11-21,2022-11-07,0.0,False
Channel2_impression,Geo36,2022-11-21,2022-11-14,0.0,False
Channel2_impression,Geo36,2022-11-21,2022-11-21,4862704.0,True
Channel2_impression,Geo36,2022-11-21,2022-11-28,0.0,False
Channel2_impression,Geo36,2022-11-21,2022-12-05,12923.0,False
Channel2_impression,Geo36,2021-08-30,2021-08-16,0.0,False
Channel2_impression,Geo36,2021-08-30,2021-08-23,0.0,False
Channel2_impression,Geo36,2021-08-30,2021-08-30,4822958.0,True
Channel2_impression,Geo36,2021-08-30,2021-09-06,0.0,False
Channel2_impression,Geo36,2021-08-30,2021-09-13,502179.0,False
Channel3_impression,Geo14,2021-12-20,2021-12-06,1734938.0,False
Channel3_impression,Geo14,2021-12-20,2021-12-13,2736133.0,False
Channel3_impression,Geo14,2021-12-20,2021-12-20,7635147.0,True
Channel3_impression,Geo14,2021-12-20,2021-12-27,1620045.0,False
Channel3_impression,Geo14,2021-12-20,2022-01-03,3270080.0,False
Channel3_impression,Geo36,2021-11-22,2021-11-08,2887298.0,False
Channel3_impression,Geo36,2021-11-22,2021-11-15,3948314.0,False
Channel3_impression,Geo36,2021-11-22,2021-11-22,7625789.0,True
Channel3_impression,Geo36,2021-11-22,2021-11-29,6756267.0,False
Channel3_impression,Geo36,2021-11-22,2021-12-06,2048227.0,False
Channel3_impression,Geo35,2022-11-07,2022-10-24,3232988.0,False
Channel3_impression,Geo35,2022-11-07,2022-10-31,2391495.0,False
Channel3_impression,Geo35,2022-11-07,2022-11-07,7587806.0,True
Channel3_impression,Geo35,2022-11-07,2022-11-14,3276694.0,False
Channel3_impression,Geo35,2022-11-07,2022-11-21,4248796.0,False
Channel4_impression,Geo36,2021-11-22,2021-11-08,0.0,False
Channel4_impression,Geo36,2021-11-22,2021-11-15,308304.0,False
Channel4_impression,Geo36,2021-11-22,2021-11-22,6975542.0,True
Channel4_impression,Geo36,2021-11-22,2021-11-29,3239032.0,False
Channel4_impression,Geo36,2021-11-22,2021-12-06,2228130.0,False
Channel4_impression,Geo31,2022-02-21,2022-02-07,2624704.0,False
Channel4_impression,Geo31,2022-02-21,2022-02-14,1498935.0,False
Channel4_impression,Geo31,2022-02-21,2022-02-21,5388352.0,True
Channel4_impression,Geo31,2022-02-21,2022-02-28,159996.0,False
Channel4_impression,Geo31,2022-02-21,2022-03-07,0.0,False
Channel4_impression,Geo36,2023-10-09,2023-09-25,3376896.0,False
Channel4_impression,Geo36,2023-10-09,2023-10-02,1824283.0,False
Channel4_impression,Geo36,2023-10-09,2023-10-09,5295219.0,True
Channel4_impression,Geo36,2023-10-09,2023-10-16,2267409.0,False
Channel4_impression,Geo36,2023-10-09,2023-10-23,2197975.0,False
Channel0_spend,Geo36,2022-01-24,2022-01-10,29977.14,False
Channel0_spend,Geo36,2022-01-24,2022-01-17,5128.4844,False
Channel0_spend,Geo36,2022-01-24,2022-01-24,38071.73,True
Channel0_spend,Geo36,2022-01-24,2022-01-31,13368.757,False
Channel0_spend,Geo36,2022-01-24,2022-02-07,17554.025,False
Channel0_spend,Geo36,2022-08-08,2022-07-25,2883.542,False
Channel0_spend,Geo36,2022-08-08,2022-08-01,21588.072,False
Channel0_spend,Geo36,2022-08-08,2022-08-08,36755.855,True
Channel0_spend,Geo36,2022-08-08,2022-08-15,11520.287,False
Channel0_spend,Geo36,2022-08-08,2022-08-22,251.72505,False
Channel0_spend,Geo2,2023-02-13,2023-01-30,0.0,False
Channel0_spend,Geo2,2023-02-13,2023-02-06,0.0,False
Channel0_spend,Geo2,2023-02-13,2023-02-13,35082.594,True
Channel0_spend,Geo2,2023-02-13,2023-02-20,9043.44,False
Channel0_spend,Geo2,2023-02-13,2023-02-27,9247.766,False
Channel1_spend,Geo36,2022-09-05,2022-08-22,11482.9,False
Channel1_spend,Geo36,2022-09-05,2022-08-29,17272.44,False
Channel1_spend,Geo36,2022-09-05,2022-09-05,42397.7,True
Channel1_spend,Geo36,2022-09-05,2022-09-12,11892.71,False
Channel1_spend,Geo36,2022-09-05,2022-09-19,8777.58,False
Channel1_spend,Geo23,2023-09-04,2023-08-21,6171.844,False
Channel1_spend,Geo23,2023-09-04,2023-08-28,7301.131,False
Channel1_spend,Geo23,2023-09-04,2023-09-04,41143.145,True
Channel1_spend,Geo23,2023-09-04,2023-09-11,0.0,False
Channel1_spend,Geo23,2023-09-04,2023-09-18,9606.398,False
Channel1_spend,Geo36,2021-03-29,2021-03-15,16497.729,False
Channel1_spend,Geo36,2021-03-29,2021-03-22,15344.984,False
Channel1_spend,Geo36,2021-03-29,2021-03-29,40579.164,True
Channel1_spend,Geo36,2021-03-29,2021-04-05,0.0,False
Channel1_spend,Geo36,2021-03-29,2021-04-12,16142.256,False
Channel2_spend,Geo23,2021-10-18,2021-10-04,0.0,False
Channel2_spend,Geo23,2021-10-18,2021-10-11,8270.924,False
Channel2_spend,Geo23,2021-10-18,2021-10-18,41688.645,True
Channel2_spend,Geo23,2021-10-18,2021-10-25,0.0,False
Channel2_spend,Geo23,2021-10-18,2021-11-01,0.0,False
Channel2_spend,Geo36,2022-11-21,2022-11-07,0.0,False
Channel2_spend,Geo36,2022-11-21,2022-11-14,0.0,False
Channel2_spend,Geo36,2022-11-21,2022-11-21,36134.383,True
Channel2_spend,Geo36,2022-11-21,2022-11-28,0.0,False
Channel2_spend,Geo36,2022-11-21,2022-12-05,96.02984,False
Channel2_spend,Geo36,2021-08-30,2021-08-16,0.0,False
Channel2_spend,Geo36,2021-08-30,2021-08-23,0.0,False
Channel2_spend,Geo36,2021-08-30,2021-08-30,35839.035,True
Channel2_spend,Geo36,2021-08-30,2021-09-06,0.0,False
Channel2_spend,Geo36,2021-08-30,2021-09-13,3731.6543,False
Channel3_spend,Geo14,2021-12-20,2021-12-06,13520.095,False
Channel3_spend,Geo14,2021-12-20,2021-12-13,21322.248,False
Channel3_spend,Geo14,2021-12-20,2021-12-20,59499.484,True
Channel3_spend,Geo14,2021-12-20,2021-12-27,12624.752,False
Channel3_spend,Geo14,2021-12-20,2022-01-03,25483.213,False
Channel3_spend,Geo36,2021-11-22,2021-11-08,22500.252,False
Channel3_spend,Geo36,2021-11-22,2021-11-15,30768.582,False
Channel3_spend,Geo36,2021-11-22,2021-11-22,59426.555,True
Channel3_spend,Geo36,2021-11-22,2021-11-29,52650.51,False
Channel3_spend,Geo36,2021-11-22,2021-12-06,15961.506,False
Channel3_spend,Geo35,2022-11-07,2022-10-24,25194.16,False
Channel3_spend,Geo35,2022-11-07,2022-10-31,18636.54,False
Channel3_spend,Geo35,2022-11-07,2022-11-07,59130.56,True
Channel3_spend,Geo35,2022-11-07,2022-11-14,25534.754,False
Channel3_spend,Geo35,2022-11-07,2022-11-21,33110.19,False
Channel4_spend,Geo36,2021-11-22,2021-11-08,0.0,False
Channel4_spend,Geo36,2021-11-22,2021-11-15,2402.2776,False
Channel4_spend,Geo36,2021-11-22,2021-11-22,54352.81,True
Channel4_spend,Geo36,2021-11-22,2021-11-29,25238.252,False
Channel4_spend,Geo36,2021-11-22,2021-12-06,17361.393,False
Channel4_spend,Geo31,2022-02-21,2022-02-07,20451.463,False
Channel4_spend,Geo31,2022-02-21,2022-02-14,11679.569,False
Channel4_spend,Geo31,2022-02-21,2022-02-21,41985.562,True
Channel4_spend,Geo31,2022-02-21,2022-02-28,1246.6748,False
Channel4_spend,Geo31,2022-02-21,2022-03-07,0.0,False
Channel4_spend,Geo36,2023-10-09,2023-09-25,26312.477,False
Channel4_spend,Geo36,2023-10-09,2023-10-02,14214.652,False
Channel4_spend,Geo36,2023-10-09,2023-10-09,41259.88,True
Channel4_spend,Geo36,2023-10-09,2023-10-16,17667.45,False
Channel4_spend,Geo36,2023-10-09,2023-10-23,17126.426,False
Organic_channel0_impression,Geo10,2022-11-14,2022-10-31,1764801.0,False
Organic_channel0_impression,Geo10,2022-11-14,2022-11-07,1361500.0,False
Organic_channel0_impression,Geo10,2022-11-14,2022-11-14,5801781.0,True
Organic_channel0_impression,Geo10,2022-11-14,2022-11-21,157774.0,False
Organic_channel0_impression,Geo10,2022-11-14,2022-11-28,36539.0,False
Organic_channel0_impression,Geo23,2023-09-04,2023-08-21,2531683.0,False
Organic_channel0_impression,Geo23,2023-09-04,2023-08-28,3241647.0,False
Organic_channel0_impression,Geo23,2023-09-04,2023-09-04,4974461.0,True
Organic_channel0_impression,Geo23,2023-09-04,2023-09-11,931572.0,False
Organic_channel0_impression,Geo23,2023-09-04,2023-09-18,986196.0,False
Organic_channel0_impression,Geo36,2023-12-25,2023-12-11,1451203.0,False
Organic_channel0_impression,Geo36,2023-12-25,2023-12-18,2699721.0,False
Organic_channel0_impression,Geo36,2023-12-25,2023-12-25,4457710.0,True
Organic_channel0_impression,Geo36,2023-12-25,2024-01-01,1047189.0,False
Organic_channel0_impression,Geo36,2023-12-25,2024-01-08,266905.0,False
competitor_sales_control,Geo36,2022-07-25,2022-07-11,-0.27250463,False
competitor_sales_control,Geo36,2022-07-25,2022-07-18,-0.7035469,False
competitor_sales_control,Geo36,2022-07-25,2022-07-25,-4.8256345,True
competitor_sales_control,Geo36,2022-07-25,2022-08-01,1.2082438,False
competitor_sales_control,Geo36,2022-07-25,2022-08-08,0.7727089,False
competitor_sales_control,Geo28,2021-02-08,2021-01-25,0.65460145,False
competitor_sales_control,Geo28,2021-02-08,2021-02-01,-1.217862,False
competitor_sales_control,Geo28,2021-02-08,2021-02-08,-4.141794,True
competitor_sales_control,Geo28,2021-02-08,2021-02-15,-1.3299663,False
competitor_sales_control,Geo28,2021-02-08,2021-02-22,-1.1937597,False
competitor_sales_control,Geo27,2023-03-13,2023-02-27,-1.4093708,False
competitor_sales_control,Geo27,2023-03-13,2023-03-06,-0.8894433,False
competitor_sales_control,Geo27,2023-03-13,2023-03-13,-4.0258627,True
competitor_sales_control,Geo27,2023-03-13,2023-03-20,-1.3221827,False
competitor_sales_control,Geo27,2023-03-13,2023-03-27,0.3242638,False
sentiment_score_control,Geo13,2021-11-22,2021-11-08,-0.17123473,False
sentiment_score_control,Geo13,2021-11-22,2021-11-15,2.5576673,False
sentiment_score_control,Geo13,2021-11-22,2021-11-22,4.320259,True
sentiment_score_control,Geo13,2021-11-22,2021-11-29,-0.96313596,False
sentiment_score_control,Geo13,2021-11-22,2021-12-06,0.42509794,False
sentiment_score_control,Geo35,2021-11-22,2021-11-08,1.4085469,False
sentiment_score_control,Geo35,2021-11-22,2021-11-15,-0.08607209,False
sentiment_score_control,Geo35,2021-11-22,2021-11-22,4.2033124,True
sentiment_score_control,Geo35,2021-11-22,2021-11-29,-1.1102775,False
sentiment_score_control,Geo35,2021-11-22,2021-12-06,0.19907892,False
sentiment_score_control,Geo39,2023-03-20,2023-03-06,-1.7607148,False
sentiment_score_control,Geo39,2023-03-20,2023-03-13,0.26842117,False
sentiment_score_control,Geo39,2023-03-20,2023-03-20,-4.230392,True
sentiment_score_control,Geo39,2023-03-20,2023-03-27,-0.28998578,False
sentiment_score_control,Geo39,2023-03-20,2023-04-03,-0.008182257,False
Promo,Geo19,2021-10-18,2021-10-04,0.0,False
Promo,Geo19,2021-10-18,2021-10-11,1.8492829,False
Promo,Geo19,2021-10-18,2021-10-18,4.8005548,True
Promo,Geo19,2021-10-18,2021-10-25,0.15983596,False
Promo,Geo19,2021-10-18,2021-11-01,0.0,False
Promo,Geo1,2021-12-27,2021-12-13,3.0241275,False
Promo,Geo1,2021-12-27,2021-12-20,0.0,False
Promo,Geo1,2021-12-27,2021-12-27,4.028789,True
Promo,Geo1,2021-12-27,2022-01-03,0.01877357,False
Promo,Geo1,2021-12-27,2022-01-10,0.70958173,False
Promo,Geo32,2023-12-11,2023-11-27,0.29179502,False
Promo,Geo32,2023-12-11,2023-12-04,0.0,False
Promo,Geo32,2023-12-11,2023-12-11,3.942986,True
Promo,Geo32,2023-12-11,2023-12-18,0.19906357,False
Promo,Geo32,2023-12-11,2023-12-25,0.45169207,False
