Dimension,Question,Evidence,Finding,Modeling_implication
integridade,Painel completo?,data_audit,"6240 linhas, 40 geos, 156 semanas; completude 1.0",Contrato validado; preservar raw e schema.
missing,Há valores ausentes?,missing_summary,0 células ausentes,Não imputar dados completos.
outliers,Há extremos descritivos?,outliers,6039 pares observação/variável sinalizados por IQR ou MAD,Investigar escala populacional e zeros; não excluir automaticamente.
KPI variation,Existe variação?,within_between_variance,1/1 variáveis com variância positiva; resíduo two-way entre 30.68% e 30.68%,"Variação é necessária, não suficiente para identificar efeitos."
media variation,Existe variação?,within_between_variance,6/6 variáveis com variância positiva; resíduo two-way entre 42.90% e 77.94%,"Variação é necessária, não suficiente para identificar efeitos."
spend variation,Existe variação?,within_between_variance,5/5 variáveis com variância positiva; resíduo two-way entre 42.90% e 77.94%,"Variação é necessária, não suficiente para identificar efeitos."
control collinearity,Existe variação?,within_between_variance,2/2 variáveis com variância positiva; resíduo two-way entre 66.24% e 72.19%,"Variação é necessária, não suficiente para identificar efeitos."
temporal variation,Quanto varia a mídia paga?,geo_time_r2,r2_time: 13.63% a 19.07%,Avaliar também escala por população e colinearidade conjunta.
geo variation,Quanto varia a mídia paga?,geo_time_r2,r2_geo: 5.35% a 38.99%,Avaliar também escala por população e colinearidade conjunta.
within variation,Quanto varia a mídia paga?,geo_time_r2,within_share: 61.01% a 94.65%,Avaliar também escala por população e colinearidade conjunta.
between variation,Quanto varia a mídia paga?,geo_time_r2,between_share: 5.35% a 38.99%,Avaliar também escala por população e colinearidade conjunta.
geo-time variation,Quanto varia a mídia paga?,geo_time_r2,residual_geo_time_share: 42.90% a 77.94%,Avaliar também escala por população e colinearidade conjunta.
R² geo,Quanto varia a mídia paga?,geo_time_r2,r2_geo: 5.35% a 38.99%,Avaliar também escala por população e colinearidade conjunta.
R² time,Quanto varia a mídia paga?,geo_time_r2,r2_time: 13.63% a 19.07%,Avaliar também escala por população e colinearidade conjunta.
population scaling,A geografia é apenas tamanho?,geo_time_r2_per_capita,Resíduo two-way por habitante: 64.85% a 86.11%,O ajuste por população muda a leitura; não substituir inputs brutos do Meridian.
media mix heterogeneity,O mix difere?,media_mix,Amplitude máxima do share de um canal entre geos: 3.74%,Alocação distinta pode enriquecer a análise; não é eficiência.
channel collinearity,Os sinais são redundantes?,vif_summary,VIF máximo overall=2.48; within=2.11,Não remover canais mecanicamente; diagnóstico não incorpora adstock/saturação.
data adequacy,Guardrails oficiais?,meridian_eda_checks,"16 achados: {'INFO': 10, 'REVIEW': 6}; razão dados/parâmetros=30.59",Checagens dependem da especificação provisória; revisar antes do ajuste.
