variable,level,vif,status
Channel0_impression,national,1.719037183656766,finite
Channel1_impression,national,1.5061746264290239,finite
Channel2_impression,national,2.8909482914728466,finite
Channel3_impression,national,3.8572857912982657,finite
Channel4_impression,national,2.563407162961322,finite
Organic_channel0_impression,national,2.3768495171179778,finite
competitor_sales_control,national,3.7931997767350483,finite
sentiment_score_control,national,3.461720236826141,finite
Promo,national,1.7828772778729796,finite
Channel0_impression,overall,1.6323555805474728,finite
Channel1_impression,overall,1.345955578430988,finite
Channel2_impression,overall,1.7003483958628616,finite
Channel3_impression,overall,2.484280579493675,finite
Channel4_impression,overall,1.9697183846632007,finite
Organic_channel0_impression,overall,1.7404024394241007,finite
competitor_sales_control,overall,1.4907753546551687,finite
sentiment_score_control,overall,1.4460874985563046,finite
Promo,overall,1.1455589878190433,finite
Channel0_impression,within,1.3612737846950091,finite
Channel1_impression,within,1.193291570882671,finite
Channel2_impression,within,1.6162856507384886,finite
Channel3_impression,within,2.1117464803259716,finite
Channel4_impression,within,1.647581204755551,finite
Organic_channel0_impression,within,1.5415520535237748,finite
competitor_sales_control,within,1.8287269550656386,finite
sentiment_score_control,within,1.8785744405103142,finite
Promo,within,1.2819823298547317,finite
Channel0_impression,two_way,1.3100603114076883,finite
Channel1_impression,two_way,1.1442678750429216,finite
Channel2_impression,two_way,1.4940421919407851,finite
Channel3_impression,two_way,1.7993588788546233,finite
Channel4_impression,two_way,1.492633959346621,finite
Organic_channel0_impression,two_way,1.432842405292228,finite
competitor_sales_control,two_way,1.6074086764224986,finite
sentiment_score_control,two_way,1.6984285999648876,finite
Promo,two_way,1.2254696331239359,finite
