variable,total_variance,between_geo,within_geo,between_share,within_share,r2_geo,r2_time,r2_geo_time,residual_geo_time_share
conversions,36953313836711.86,25086947886602.87,11866365950108.984,0.6788822241343845,0.3211177758656154,0.6788822241343845,0.014340313110749169,0.6932225372451336,0.30677746275486634
Channel0_impression,671218887293.6826,166711248058.3704,504507639235.3122,0.24837091329557323,0.7516290867044267,0.24837091329557323,0.13633014226055665,0.38470105555612993,0.6152989444438701
Channel1_impression,385111359638.9035,55498778014.05488,329612581624.84863,0.14411098666653938,0.8558890133334607,0.14411098666653938,0.16793125958679114,0.31204224625333055,0.6879577537466696
Channel2_impression,308180069932.4863,16484465016.020924,291695604916.4654,0.05348971794195585,0.9465102820580441,0.05348971794195585,0.16709038259660006,0.22058010053855592,0.7794198994614439
Channel3_impression,1702277410159.2397,663681408700.9877,1038596001458.252,0.3898785266961297,0.6101214733038702,0.3898785266961297,0.18109976467911953,0.5709782913752492,0.42902170862475075
Channel4_impression,835585323217.3446,198211889261.56662,637373433955.7778,0.23721322497428501,0.7627867750257148,0.23721322497428501,0.19074678492651534,0.4279600099008003,0.5720399900991995
Channel0_spend,36090653.42874302,8963868.53996585,27126784.888777167,0.2483709129197123,0.7516290870802875,0.2483709129197123,0.13633014275764438,0.3847010556773567,0.6152989443226431
Channel1_spend,35797389.30127254,5158797.088117515,30638592.213155027,0.1441109865499082,0.8558890134500918,0.1441109865499082,0.16793125896037617,0.3120422455102844,0.6879577544897156
Channel2_spend,17017283.533519085,910249.6960465418,16107033.837472543,0.053489717924345294,0.9465102820756547,0.053489717924345294,0.16709038316548505,0.22058010108983034,0.7794198989101697
Channel3_spend,103376520.13100159,40304285.45343534,63072234.67756624,0.3898785275646794,0.6101214724353204,0.3898785275646794,0.1810997644962657,0.5709782920609451,0.42902170793905475
Channel4_spend,50731632.20700168,12034214.105466155,38697418.10153552,0.2372132253967824,0.7627867746032175,0.2372132253967824,0.19074678422689456,0.427960009623677,0.5720399903763229
Organic_channel0_impression,484603800735.70294,63072692184.478806,421531108551.2241,0.13015311082728773,0.8698468891727122,0.13015311082728773,0.17044779902535073,0.3006009098526385,0.6993990901473616
competitor_sales_control,1.4642620992523194,0.007964621013892398,1.4562974782384275,0.005439341097443748,0.9945606589025565,0.005439341097443748,0.3321800688059545,0.3376194099033983,0.6623805900966019
sentiment_score_control,1.3817487968405917,0.005749692872207363,1.375999103968384,0.004161170891086861,0.995838829108913,0.004161170891086861,0.2739617560139923,0.2781229269050792,0.7218770730949207
Promo,0.48194670843498993,0.002548146875354759,0.47939856155963506,0.005287196345067434,0.9947128036549323,0.005287196345067434,0.19840831283566993,0.20369550918073737,0.7963044908192625
