,conversions,gasto_total
1,0.007825980702561732,0.3712755008089257
2,0.050371782345866034,0.2714582595090413
3,0.049951500070913805,0.4286841817024932
4,0.030370968932923306,0.3201569406917445
5,-0.05993707003745559,0.3383259123108966
6,0.02646681252878945,0.3644915280680431
7,0.017256292794269813,0.2865048167354686
8,0.011163272997276165,0.17778907377285016
9,-0.09629610287244572,0.14874189263369078
10,-0.15368333906329448,0.15711790901510259
11,0.0536109731759922,0.0679488930103914
12,-0.05748003121727166,0.08447110642822432
13,0.10538042401659785,0.09506740871412017
