,canal,lag_semanas,corr_descritiva,pares
0,Channel0_impression,0,0.024408739988528026,6240
1,Channel0_impression,1,0.008692984744002746,6200
2,Channel0_impression,2,0.015264868587674691,6160
3,Channel0_impression,3,-0.006050800314063529,6120
4,Channel0_impression,4,0.009831484724065608,6080
5,Channel0_impression,5,0.019004045764806875,6040
6,Channel0_impression,6,0.011407899962675662,6000
7,Channel0_impression,7,0.02465149922598709,5960
8,Channel0_impression,8,-0.003153759359937126,5920
9,Channel1_impression,0,-0.02653976641282928,6240
10,Channel1_impression,1,0.012271490447018982,6200
11,Channel1_impression,2,-0.005462389792321612,6160
12,Channel1_impression,3,0.009778244194560025,6120
13,Channel1_impression,4,-0.006850467102045993,6080
14,Channel1_impression,5,-0.0011958968243470126,6040
15,Channel1_impression,6,0.002746945681465393,6000
16,Channel1_impression,7,0.015044850603958,5960
17,Channel1_impression,8,-0.00947508918484932,5920
18,Channel2_impression,0,-0.09016571350095562,6240
19,Channel2_impression,1,0.01624280403365271,6200
20,Channel2_impression,2,0.004590653010668735,6160
21,Channel2_impression,3,-0.010725581658352268,6120
22,Channel2_impression,4,0.021629400868641367,6080
23,Channel2_impression,5,0.012775979503637677,6040
24,Channel2_impression,6,-0.008825639731790631,6000
25,Channel2_impression,7,0.01856122383911108,5960
26,Channel2_impression,8,-0.026313552589054812,5920
27,Channel3_impression,0,-0.10285104970486658,6240
28,Channel3_impression,1,0.02260495242947767,6200
29,Channel3_impression,2,-0.009207048643256766,6160
30,Channel3_impression,3,-0.015883932119763085,6120
31,Channel3_impression,4,0.008829267579360712,6080
32,Channel3_impression,5,-0.009735695467761188,6040
33,Channel3_impression,6,-0.017372562164464637,6000
34,Channel3_impression,7,0.0154958304691193,5960
35,Channel3_impression,8,-0.02845374838658906,5920
36,Channel4_impression,0,-0.11860013505135972,6240
37,Channel4_impression,1,-0.0011974869040178215,6200
38,Channel4_impression,2,0.030062100219513853,6160
39,Channel4_impression,3,0.013967138394010462,6120
40,Channel4_impression,4,-0.011044284400112295,6080
41,Channel4_impression,5,0.02066421701874797,6040
42,Channel4_impression,6,0.0001527955746998783,6000
43,Channel4_impression,7,0.02016352339036112,5960
44,Channel4_impression,8,-0.009267926891590382,5920
