,Pearson_bruto,Spearman_bruto,Pearson_per_capita,dentro_geo_per_capita,efeitos_geo_semana_removidos
Channel0_impression,0.4138233558184544,0.39116239664834734,0.02440873998852804,0.022902538045810498,0.026467079741512824
Channel1_impression,0.2931461182963376,0.2166850824941293,-0.026539766412829405,-0.025473870872650434,-0.025637872875143176
Channel2_impression,0.14790040368562987,0.02849015152326006,-0.09016571350095552,-0.09284870668105724,-0.08099557127091034
Channel3_impression,0.46885376971221865,0.4957352646615427,-0.1028510497048665,-0.10315330953550046,-0.09203468395228953
Channel4_impression,0.3482426788830833,0.32014143454493954,-0.11860013505135948,-0.12515784483485315,-0.11269295756483887
Organic_channel0_impression,0.2982341228215843,0.19725677742742329,-0.014054799408248168,-0.009020114322379412,0.0020651038100696715
competitor_sales_control,-0.1167191866704801,-0.1087058784453082,-0.24779349051702904,-0.2552326093411759,-0.23597144925968572
sentiment_score_control,-0.009456777923669564,-0.011911298422488456,-0.05692895527564245,-0.05648707190576168,-0.047211905915724495
Promo,0.08021869898677142,0.07549219046158795,0.12877066018744573,0.13979999378394722,0.12661712190367547
conversions,1.0,1.0,1.0,1.0,1.0
