coluna,papel,tipo,valores_distintos
geo,coordenada,object,40
time,coordenada,datetime64[ns],156
Channel0_impression,exposição paga,int64,5483
Channel1_impression,exposição paga,int64,4491
Channel2_impression,exposição paga,int64,2226
Channel3_impression,exposição paga,int64,6069
Channel4_impression,exposição paga,int64,5416
competitor_sales_control,controle sintético; mecanismo causal não documentado no CSV,float64,6240
sentiment_score_control,controle sintético; mecanismo causal não documentado no CSV,float64,6239
Channel0_spend,gasto pago,float64,5483
Channel1_spend,gasto pago,float64,4491
Channel2_spend,gasto pago,float64,2226
Channel3_spend,gasto pago,float64,6069
Channel4_spend,gasto pago,float64,5416
Organic_channel0_impression,exposição orgânica; sem gasto informado,int64,4164
Promo,tratamento não mídia; intensidade contínua,float64,3319
conversions,KPI não monetário,float64,6240
revenue_per_conversion,valor monetário por unidade do KPI,float64,6134
population,escala regional; constante no tempo,float64,40
