,nulos,zeros_pct,negativos,extremos_IQR,constante
Channel0_impression,0,12.099358974358974,0,164,False
Channel1_impression,0,27.916666666666668,0,215,False
Channel2_impression,0,64.26282051282051,0,941,False
Channel3_impression,0,2.7083333333333335,0,108,False
Channel4_impression,0,13.141025641025642,0,143,False
competitor_sales_control,0,0.0,3238,61,False
sentiment_score_control,0,0.0,3216,61,False
Channel0_spend,0,12.099358974358974,0,164,False
Channel1_spend,0,27.916666666666668,0,215,False
Channel2_spend,0,64.26282051282051,0,941,False
Channel3_spend,0,2.7083333333333335,0,108,False
Channel4_spend,0,13.141025641025642,0,143,False
Organic_channel0_impression,0,33.253205128205124,0,305,False
Promo,0,46.82692307692308,0,248,False
conversions,0,0.0,0,56,False
revenue_per_conversion,0,0.0,0,43,False
population,0,0.0,0,0,False
