,count,mean,std,min,25%,50%,75%,max
conversions,156.0,422632782.77429485,29212078.134841993,340283293.3,405350699.525,422703409.35,440478671.75,491287369.3
receita_sintetica,156.0,8453201.523943376,583959.761623321,6805079.537457668,8112613.344048671,8453836.490520187,8813016.841302989,9828881.252941526
gasto_total,156.0,1407002.5791697819,426573.48578753095,419894.83478000003,1139011.02785825,1355441.349455,1660606.210558,2965464.81581
Channel0_impression,156.0,35406541.45512821,12139043.553656425,7851189.0,27044809.25,34961602.5,44955415.0,63865539.0
Channel1_impression,156.0,20824221.621794872,10205055.68319545,2729719.0,13408837.25,19371016.0,26843367.0,52366813.0
Channel2_impression,156.0,10420201.083333334,9106142.51324933,0.0,3297470.75,8122187.5,15669353.25,46085569.0
Channel3_impression,156.0,72272417.97435898,22280788.308322787,17967345.0,56355777.5,70851890.0,84141812.25,140264489.0
Channel4_impression,156.0,39267118.98717949,16020661.940796392,6971125.0,27451582.25,37739828.5,49839273.0,83707898.0
Organic_channel0_impression,156.0,21298666.82051282,11533086.470528387,400256.0,12762097.75,20157500.5,29042410.75,60934429.0
