,exposicao_pc,kpi_pc,n,canal
0,0.09000870134954411,19.22495882982994,1248,Channel0_impression
1,0.652038405591352,19.648020461395305,624,Channel0_impression
2,1.022943403186195,19.38137285497463,624,Channel0_impression
3,1.3634856376348286,18.847500905602686,624,Channel0_impression
4,1.6889655836791162,18.729823986447936,624,Channel0_impression
5,2.0433701883939275,19.12477745513711,624,Channel0_impression
6,2.442880749038142,19.682247962705816,624,Channel0_impression
7,2.9408128221954892,19.350601740994453,624,Channel0_impression
8,3.885568723294525,20.055221714194747,624,Channel0_impression
9,0.00269258977449685,19.71309943445742,1872,Channel1_impression
10,0.2575790135274156,19.24076851047152,624,Channel1_impression
11,0.5807573058399527,18.98002992961762,624,Channel1_impression
12,0.8869387115170144,19.125058898177958,624,Channel1_impression
13,1.2249598388413723,19.407338883838236,624,Channel1_impression
14,1.607414980678791,19.33020720065261,624,Channel1_impression
15,2.0534589664222143,18.680371548851372,624,Channel1_impression
16,2.978816271708475,19.36641146613098,624,Channel1_impression
17,0.012548005727788842,19.681367889121773,4368,Channel2_impression
18,0.6090260208113205,18.689231106568506,624,Channel2_impression
19,1.2978341963198805,18.65588331598715,624,Channel2_impression
20,2.731334737312029,18.1547950947045,624,Channel2_impression
21,0.45058943393226414,20.776164212465954,624,Channel3_impression
22,1.477262099941305,20.070441659703707,624,Channel3_impression
23,2.088565099196622,19.58283069932908,624,Channel3_impression
24,2.581738986358973,19.5657806815361,624,Channel3_impression
25,3.0536291893999326,19.37730499897829,624,Channel3_impression
26,3.4965390828241674,18.84808518146726,624,Channel3_impression
27,3.962970356022495,19.01897527259607,624,Channel3_impression
28,4.481434491654283,18.81292582252199,624,Channel3_impression
29,5.162913803447235,18.709960031970816,624,Channel3_impression
30,6.49037680489152,18.507016180543296,624,Channel3_impression
31,0.07397821083527252,20.537448656553707,1248,Channel4_impression
32,0.6832329537879659,19.852545018275258,624,Channel4_impression
33,1.1262081249755804,19.62121538658116,624,Channel4_impression
34,1.5177553228195424,19.54932420510446,624,Channel4_impression
35,1.893113983310941,19.167712038853463,624,Channel4_impression
36,2.2752542488449716,18.451573120980623,624,Channel4_impression
37,2.7071577533537945,19.00278801142761,624,Channel4_impression
38,3.26933554996866,18.509796061307394,624,Channel4_impression
39,4.39867612971051,18.039633585475176,624,Channel4_impression
